1/6 Pigabeen Rd|Tweed Heads West|NSW|New South Wales|2485|Keith Rice|Keith9631@hotmail.com|0410973034
17Paddington Lane|Eagleby|QLD|Queensland|4207|Wanda Lee|Wanda3893@gmail.com|0416678304
17Paddington Lane|Yarrabilba|QLD|Queensland|4207|Harvey Collins|Harvey5098@gmail.com|0416678304
17Paddington Lane|Beenleigh|QLD|Queensland|4207|Tony Lee|Tony7692@gmail.com|0416678304
17Paddington Lane|Mount Warren Park|QLD|Queensland|4207|Herminia Fuller|Herminia2195@gmail.com|0416678304
17Paddington Lane|Yatala|QLD|Queensland|4207|Jessica Steward|Jessica1419@gmail.com|0416678304
17Paddington Lane|Logan Village|QLD|Queensland|4207|Jesus Hamilton|Jesus3833@gmail.com|0416678304
17Paddington Lane|Stapylton|QLD|Queensland|4207|Sherry Wheeler|Sherry2284@gmail.com|0416678304
17Paddington Lane|Buccan|QLD|Queensland|4207|Tristan Rose|Tristan5345@gmail.com|0416678304
17Paddington Lane|Holmview|QLD|Queensland|4207|Jean Gregory|Jean3601@gmail.com|0416678304
17Paddington Lane|Windaroo|QLD|Queensland|4207|Doris Cole|Doris1813@gmail.com|0416678304
17Paddington Lane|Edens Landing|QLD|Queensland|4207|Marian Moreno|Marian2935@gmail.com|0416678304
17Paddington Lane|Bahrs Scrub|QLD|Queensland|4207|Francis Holt|Francis2365@gmail.com|0416678304
17Paddington Lane|Woongoolba|QLD|Queensland|4207|Irene Dixon|Irene0396@gmail.com|0416678304
17Paddington Lane|Steiglitz|QLD|Queensland|4207|Joseph Richards|Joseph0151@gmail.com|0416678304
17Paddington Lane|Alberton|QLD|Queensland|4207|Jenny Jensen|Jenny1138@gmail.com|0416678304
17Paddington Lane|Bannockburn|QLD|Queensland|4207|Tom Bishop|Tom9459@gmail.com|0416678304
24 Longview Crescent|Helensburgh|NSW|New South Wales|2508|Harold Holt|Harold2080@hotmail.com|0417810568
24 Longview Crescent|Otford|NSW|New South Wales|2508|Milton Hale|Milton0186@hotmail.com|0417810568
24 Longview Crescent|Coalcliff|NSW|New South Wales|2508|Debbie Hernandez|Debbie1571@hotmail.com|0417810568
24 Longview Crescent|Stanwell Park|NSW|New South Wales|2508|Roberto Mckinney|Roberto9266@hotmail.com|0417810568
24 Longview Crescent|Stanwell Tops|NSW|New South Wales|2508|Walter Burton|Walter9753@hotmail.com|0417810568
24 Longview Crescent|Darkes Forest|NSW|New South Wales|2508|Aubrey Hale|Aubrey9264@hotmail.com|0417810568
24 Longview Crescent|Maddens Plains|NSW|New South Wales|2508|Randall Powell|Randall2905@hotmail.com|0417810568
24 Longview Crescent|Lilyvale|NSW|New South Wales|2508|Gloria Rodriguez|Gloria0302@hotmail.com|0417810568
49 kingsholme street|Teneriffe|QLD|Queensland|4005|Alan Cole|Alan3577@yahoo.com|0419569529
184 Heytesbury Rd|Daglish|WA|Western Australia|6008|Isobel Ramos|Isobel4932@hotmail.com|0414265180
184 Heytesbury Rd|Shenton Park|WA|Western Australia|6008|Candice Brewer|Candice3055@hotmail.com|0414265180
22 Jackie Howe Crs|Gowrie|ACT|Australian Capital Territory|2904|Rachel Ferguson|Rachel1896@yahoo.com|0410154905
22 Jackie Howe Crs|Monash|ACT|Australian Capital Territory|2904|Mitchell Hill|Mitchell4043@yahoo.com|0410154905
22 Jackie Howe Crs|Fadden|ACT|Australian Capital Territory|2904|Theresa Shaw|Theresa6074@yahoo.com|0410154905
22 Jackie Howe Crs|Macarthur|ACT|Australian Capital Territory|2904|Jennifer Prescott|Jennifer7800@yahoo.com|0410154905
6 Ithaca Road Unit 47|Woolloomooloo|NSW|New South Wales|2011|Emma Porter|Emma7382@yahoo.com|0414599763
6 Ithaca Road Unit 47|Rushcutters Bay|NSW|New South Wales|2011|Kristen Baker|Kristen0718@yahoo.com|0414599763
6 Ithaca Road Unit 47|Potts Point|NSW|New South Wales|2011|James Flores|James1307@yahoo.com|0414599763
6 Ithaca Road Unit 47|Elizabeth Bay|NSW|New South Wales|2011|Tammy Gray|Tammy3719@yahoo.com|0414599763
54, Sternberg Road|Reesville|QLD|Queensland|4552|Stella Vasquez|Stella4474@outlook.com|0414744506
54, Sternberg Road|Maleny|QLD|Queensland|4552|Brianna Lee|Brianna8260@outlook.com|0414744506
54, Sternberg Road|Witta|QLD|Queensland|4552|Jimmy Lane|Jimmy2493@outlook.com|0414744506
6 Rhodes Street|Morley|WA|Western Australia|6062|Michele Nguyen|Michele1314@yahoo.com|0415567236
6 Rhodes Street|Noranda|WA|Western Australia|6062|Michele Dixon|Michele5891@yahoo.com|0415567236
6 Rhodes Street|Embleton|WA|Western Australia|6062|Katie Steeves |Katie1219@yahoo.com|0415567236
8, 55-57 RANDOR ST|Brighton East|VIC|Victoria|3187|Alexander Howell|Alexander0936@hotmail.com|0413464526
Address|Narellan|NSW|New South Wales|2567|Bernard Castro|Bernard8380@yahoo.com|0410500002
Address|Harrington Park|NSW|New South Wales|2567|Lois Tucker|Lois9281@yahoo.com|0410500002
Address|Mount Annan|NSW|New South Wales|2567|Ken Gonzalez|Ken0771@yahoo.com|0410500002
Address|Currans Hill|NSW|New South Wales|2567|Felix Ellis|Felix3925@yahoo.com|0410500002
Address|Narellan Vale|NSW|New South Wales|2567|Christine Gutierrez|Christine8544@yahoo.com|0410500002
Address|Smeaton Grange|NSW|New South Wales|2567|Ritthy Morgan|Ritthy3657@yahoo.com|0410500002
Address|Narellan Dc|NSW|New South Wales|2567|David Nguyen|David3448@yahoo.com|0410500002
Villa 2 219 Burraneer Bay Rd|Caringbah|NSW|New South Wales|2229|Jar Curtis|Jar2561@yahoo.com|0416472199
Villa 2 219 Burraneer Bay Rd|Caringbah South|NSW|New South Wales|2229|Kristin Hawkins|Kristin9992@yahoo.com|0416472199
Villa 2 219 Burraneer Bay Rd|Taren Point|NSW|New South Wales|2229|Erin Frazier|Erin5436@yahoo.com|0416472199
Villa 2 219 Burraneer Bay Rd|Port Hacking|NSW|New South Wales|2229|Bryan Austin|Bryan3191@yahoo.com|0416472199
Villa 2 219 Burraneer Bay Rd|Dolans Bay|NSW|New South Wales|2229|Nellie Hopkins|Nellie3449@yahoo.com|0416472199
Villa 2 219 Burraneer Bay Rd|Lilli Pilli|NSW|New South Wales|2229|Ava Simmmons|Ava0399@yahoo.com|0416472199
137 BOUNDARY RD|Peakhurst|NSW|New South Wales|2210|Ron Marshall|Ron6246@gmail.com|0433070754
137 BOUNDARY RD|Riverwood|NSW|New South Wales|2210|Dylan May|Dylan9674@gmail.com|0433070754
7 Snowdon Court|Brighton|QLD|Queensland|4017|Regina Stewart|Regina8001@yahoo.com|32694899
7 Snowdon Court|Bracken Ridge|QLD|Queensland|4017|Fernando Walters|Fernando5072@yahoo.com|32694899
7 Snowdon Court|Shorncliffe|QLD|Queensland|4017|Bessie Stephens|Bessie7106@yahoo.com|32694899
7 Snowdon Court|Deagon|QLD|Queensland|4017|Melissa Pena|Melissa4221@yahoo.com|32694899
7 Snowdon Court|Sandgate|QLD|Queensland|4017|Minnie Frazier|Minnie1275@yahoo.com|32694899
250 Ridge Road|Yarra Glen|VIC|Victoria|3775|Rick Ford|Rick5873@gmail.com|0432710489
250 Ridge Road|Yarra Glen|VIC|Victoria|3775|George Barnes|George7836@outlook.com|0432710489
21/37 shedworth st|Blacktown|NSW|New South Wales|2148|Roger Bennett|Roger6622@gmail.com|0414006006
21/37 shedworth st|Prospect|NSW|New South Wales|2148|Mark Romero|Mark8388@gmail.com|0414006006
21/37 shedworth st|Marayong|NSW|New South Wales|2148|Nathaniel Garcia|Nathaniel8786@gmail.com|0414006006
21/37 shedworth st|Kings Park|NSW|New South Wales|2148|Lonnie Warren|Lonnie9507@gmail.com|0414006006
21/37 shedworth st|Arndell Park|NSW|New South Wales|2148|Roland Gomez|Roland2180@gmail.com|0414006006
21/37 shedworth st|Huntingwood|NSW|New South Wales|2148|Lorraine Carr|Lorraine7816@gmail.com|0414006006
11 Tillot St|Woolloongabba|QLD|Queensland|4102|Brian Henderson|Brian4245@gmail.com|421812344
11 Tillot St|Dutton Park|QLD|Queensland|4102|Sally Edwards|Sally8131@gmail.com|421812344
24 Rosebery Raod|Killara|NSW|New South Wales|2071|Jon Foster|Jon0367@gmail.com|0438888555
35 Boomerang Street|Haberfield|NSW|New South Wales|2045|Walter Curtis|Walter4785@gmail.com|0411983587
suite 330/25 milton parade|Malvern|VIC|Victoria|3144|Kenneth Howell|Kenneth0074@outlook.com|0402940964
444/ 169 Phillip st|Waterloo|NSW|New South Wales|2017|Karl Martin|Karl2902@outlook.com|0420902321
444/ 169 Phillip st|Zetland|NSW|New South Wales|2017|Connie Beck|Connie1302@outlook.com|0420902321
5 nebo way|Clyde|VIC|Victoria|3978|Brennan Holt|Brennan4275@yahoo.com|0402325544
5 nebo way|Clyde North|VIC|Victoria|3978|Riley Miller|Riley7917@yahoo.com|0402325544
5 nebo way|Cardinia|VIC|Victoria|3978|Tamara Cole|Tamara7773@yahoo.com|0402325544
1340 North East Road|Tea Tree Gully|SA|South Australia|5091|Ana Kennedy|Ana9996@gmail.com|882653399
1340 North East Road|Banksia Park|SA|South Australia|5091|Andrea Sullivan|Andrea4360@gmail.com|882653399
1340 North East Road|Vista|SA|South Australia|5091|Mason Watkins|Mason8757@gmail.com|882653399
7/14-18 New Illawarra Road Bexley North|Bexley|NSW|New South Wales|2207|Ken Byrd|Ken7843@outlook.com|424985788
7/14-18 New Illawarra Road Bexley North|Bexley North|NSW|New South Wales|2207|Katherine Mccoy|Katherine7632@outlook.com|424985788
7/14-18 New Illawarra Road Bexley North|Bardwell Valley|NSW|New South Wales|2207|Ann Edwards|Ann0695@outlook.com|424985788
7/14-18 New Illawarra Road Bexley North|Bardwell Park|NSW|New South Wales|2207|Anita Gibson|Anita3980@outlook.com|424985788
3/12 St James Park Drive|Brighton|VIC|Victoria|3186|Wyatt Ford|Wyatt6635@yahoo.com|0430767886
18 stockwell cres keilor downs|Taylors Lakes|VIC|Victoria|3038|Terra Lopez|Terra7031@gmail.com|0415663995
18 stockwell cres keilor downs|Keilor Downs|VIC|Victoria|3038|Frank White|Frank5075@gmail.com|0415663995
18 stockwell cres keilor downs|Keilor Lodge|VIC|Victoria|3038|Caroline Wilson|Caroline1194@gmail.com|0415663995
20 Kiers Avenue|Mount Waverley|VIC|Victoria|3149|Herman Willis|Herman0630@yahoo.com|0410351962
20 Kiers Avenue|Pinewood|VIC|Victoria|3149|Wanda Owens|Wanda9692@yahoo.com|0410351962
4/542-544 old northern road dural|Dural|NSW|New South Wales|2158|Clinton Armstrong|Clinton2138@yahoo.com|0420944255
Level 1, Suite 1, 22-28 Edgeworth David Avenue|Hornsby|NSW|New South Wales|2077|Isaac Mason|Isaac1829@outlook.com|0405759556
Level 1, Suite 1, 22-28 Edgeworth David Avenue|Hornsby Heights|NSW|New South Wales|2077|Chad Castillo|Chad9817@outlook.com|0405759556
Level 1, Suite 1, 22-28 Edgeworth David Avenue|Asquith|NSW|New South Wales|2077|Leona Silva|Leona9059@outlook.com|0405759556
Level 1, Suite 1, 22-28 Edgeworth David Avenue|Waitara|NSW|New South Wales|2077|Aubrey Holt|Aubrey5778@outlook.com|0405759556
110 Murphy Street|Richmond|VIC|Victoria|3121|Samuel Neal|Samuel9585@hotmail.com|0394214722
110 Murphy Street|Burnley|VIC|Victoria|3121|Raymond Wallace|Raymond1787@hotmail.com|0394214722
110 Murphy Street|Cremorne|VIC|Victoria|3121|Frederick Ortiz|Frederick7353@hotmail.com|0394214722
110 Murphy Street|Richmond|VIC|Victoria|3121|Ricardo Palmer|Ricardo1791@outlook.com|0394214722
110 Murphy Street|Burnley|VIC|Victoria|3121|Jason Pierce|Jason8695@outlook.com|0394214722
110 Murphy Street|Cremorne|VIC|Victoria|3121|Hannah Bishop|Hannah9056@outlook.com|0394214722
110 Murphy Street|Richmond|VIC|Victoria|3121|Marion Ford|Marion5327@gmail.com|0394214722
110 Murphy Street|Burnley|VIC|Victoria|3121|Stacey Nichols|Stacey6595@gmail.com|0394214722
110 Murphy Street|Cremorne|VIC|Victoria|3121|Marian Murray|Marian7319@gmail.com|0394214722
16 Vivienne st|Kingsgrove|NSW|New South Wales|2208|Max Ferguson|Max8697@hotmail.com|0424164732
8 Cranbrook Ave|Roseville|NSW|New South Wales|2069|Karl Myers|Karl7013@yahoo.com|0417670207
123 Pioneer Parade|Bilambil Heights|NSW|New South Wales|2486|Bruce Graves|Bruce8088@gmail.com|0423299270
123 Pioneer Parade|Tweed Heads South|NSW|New South Wales|2486|Melanie Robinson|Melanie1263@gmail.com|0423299270
123 Pioneer Parade|Terranora|NSW|New South Wales|2486|Isobel Patterson|Isobel6517@gmail.com|0423299270
6, Fortune Ave|Mount Evelyn|VIC|Victoria|3796|Hugh Watts|Hugh7106@hotmail.com|0488664708
3/17-19 Knox St|Double Bay|NSW|New South Wales|2028|Deann Ruiz|Deann9552@gmail.com|414735394
Level 15-18, 151 Clarence Street|Haymarket|NSW|New South Wales|2000|Everett Mitchelle|Everett5381@yahoo.com|179
Level 15-18, 151 Clarence Street|Millers Point|NSW|New South Wales|2000|Miriam Davis|Miriam1062@yahoo.com|179
Level 15-18, 151 Clarence Street|The Rocks|NSW|New South Wales|2000|Jill Hawkins|Jill1669@yahoo.com|179
Level 15-18, 151 Clarence Street|Barangaroo|NSW|New South Wales|2000|Cameron Pearson|Cameron9400@yahoo.com|179
37 Glen Rd|Ourimbah|NSW|New South Wales|2258|Keith Henry|Keith7019@outlook.com|0417223611
37 Glen Rd|Fountaindale|NSW|New South Wales|2258|Toni Torres|Toni1448@outlook.com|0417223611
37 Glen Rd|Kangy Angy|NSW|New South Wales|2258|Pamela Griffin|Pamela7993@outlook.com|0417223611
37 Glen Rd|Palmdale|NSW|New South Wales|2258|Stephen Smith|Stephen7860@outlook.com|0417223611
37 Glen Rd|Palm Grove|NSW|New South Wales|2258|Claudia Banks|Claudia1412@outlook.com|0417223611
8 Laguna Street|Kellyville|NSW|New South Wales|2155|Catherine Jennings|Catherine2702@outlook.com|0432115905
8 Laguna Street|Beaumont Hills|NSW|New South Wales|2155|Erin Byrd|Erin4358@outlook.com|0432115905
8 Laguna Street|Kellyville Ridge|NSW|New South Wales|2155|Gabriel Shaw|Gabriel3964@outlook.com|0432115905
8 Laguna Street|Rouse Hill|NSW|New South Wales|2155|Kenzi Howell|Kenzi3776@outlook.com|0432115905
26 pine ave|St Helena|VIC|Victoria|3088|Allan Wallace|Allan6785@gmail.com|0451769695
26 pine ave|Greensborough|VIC|Victoria|3088|Margie Wells|Margie0216@gmail.com|0451769695
26 pine ave|Briar Hill|VIC|Victoria|3088|Gilbert Rice|Gilbert5022@gmail.com|0451769695
4 Cypress place, Peregian Springs|Peregian Springs|QLD|Queensland|4573|Salvador Prescott|Salvador5444@yahoo.com|0413829643
4 Cypress place, Peregian Springs|Coolum Beach|QLD|Queensland|4573|Gail Vargas|Gail5223@yahoo.com|0413829643
4 Cypress place, Peregian Springs|Yaroomba|QLD|Queensland|4573|Marion Cole|Marion5632@yahoo.com|0413829643
4 Cypress place, Peregian Springs|Mount Coolum|QLD|Queensland|4573|Alfredo Owens|Alfredo2584@yahoo.com|0413829643
4 Cypress place, Peregian Springs|Peregian Beach|QLD|Queensland|4573|Heather Payne|Heather8715@yahoo.com|0413829643
4 Cypress place, Peregian Springs|Marcus Beach|QLD|Queensland|4573|Brittany Wood|Brittany4302@yahoo.com|0413829643
4 Cypress place, Peregian Springs|Point Arkwright|QLD|Queensland|4573|Cory Martinez|Cory6555@yahoo.com|0413829643
93 griffiths street|Bowenvale|VIC|Victoria|3465|Ian Beck|Ian5300@outlook.com|0429703300
93 griffiths street|Maryborough|VIC|Victoria|3465|Morris Chapman|Morris8480@outlook.com|0429703300
Parkwood|Ashmore|QLD|Queensland|4214|Robin Hoffman|Robin2521@hotmail.com|0414488077
Parkwood|Molendinar|QLD|Queensland|4214|Bonnie Bowman|Bonnie6630@hotmail.com|0414488077
Parkwood|Arundel|QLD|Queensland|4214|Carla Cunningham|Carla0298@hotmail.com|0414488077
Parkwood|Parkwood|QLD|Queensland|4214|Teresa Wheeler|Teresa5569@hotmail.com|0414488077
Parkwood|Ashmore|QLD|Queensland|4214|Clifton Simmmons|Clifton9622@yahoo.com|0413886583
Parkwood|Molendinar|QLD|Queensland|4214|June Hanson|June2771@yahoo.com|0413886583
Parkwood|Arundel|QLD|Queensland|4214|Johnni Harvey|Johnni7182@yahoo.com|0413886583
PO Box 535|Officer|VIC|Victoria|3809|Leona Soto|Leona0881@yahoo.com|0408877556
Parkwood|Parkwood|QLD|Queensland|4214|Jackson Coleman|Jackson6506@yahoo.com|0413886583
PO Box 535|Officer South|VIC|Victoria|3809|Sylvia Hicks|Sylvia5714@yahoo.com|0408877556
31 Ryrie rd|Earlwood|NSW|New South Wales|2206|Ella Wagner|Ella3980@hotmail.com|0434039784
31 Ryrie rd|Clemton Park|NSW|New South Wales|2206|Matthew Obrien|Matthew6068@hotmail.com|0434039784
Level 1, 225 George Street|Haymarket|NSW|New South Wales|2000|Melvin King|Melvin9492@yahoo.com|0293227831
Level 1, 225 George Street|Millers Point|NSW|New South Wales|2000|Renee Neal|Renee1405@yahoo.com|0293227831
Level 1, 225 George Street|The Rocks|NSW|New South Wales|2000|Adam Lynch|Adam7586@yahoo.com|0293227831
Level 1, 225 George Street|Barangaroo|NSW|New South Wales|2000|Bruce Reyes|Bruce4645@yahoo.com|0293227831
109 Cowper St|Seddon|VIC|Victoria|3011|Carmen Henry|Carmen8772@yahoo.com|0477074239
109 Cowper St|Footscray|VIC|Victoria|3011|Marion Lane|Marion1895@yahoo.com|0477074239
3 Whernside av|Toorak|VIC|Victoria|3142|Ana Williams|Ana1733@outlook.com|0398248494
3 Star Street Sandy Bay Tasmania|Sandy Bay|TAS|Tasmania|7005|Leonard Herrera|Leonard7779@gmail.com|0475 893 508
3 Star Street Sandy Bay Tasmania|Dynnyrne|TAS|Tasmania|7005|Everett Morrison|Everett4114@gmail.com|0475 893 508
20, Guinea Crescent|Narangba|QLD|Queensland|4504|Melinda Cook|Melinda5548@gmail.com|0414711874
13/1 Robertson St|Narrabeen|NSW|New South Wales|2101|Roberto Lee|Roberto7727@hotmail.com|0488200746
13/1 Robertson St|Elanora Heights|NSW|New South Wales|2101|Aubrey Harvey|Aubrey1779@hotmail.com|0488200746
13/1 Robertson St|North Narrabeen|NSW|New South Wales|2101|Victoria Hicks|Victoria8028@hotmail.com|0488200746
15 Derwent Avenue|Normanhurst|NSW|New South Wales|2076|Adam Wells|Adam1995@yahoo.com|0406680463
15 Derwent Avenue|Wahroonga|NSW|New South Wales|2076|Mike Pearson|Mike4084@yahoo.com|0406680463
15 Derwent Avenue|North Wahroonga|NSW|New South Wales|2076|Carmen Neal|Carmen5979@yahoo.com|0406680463
56 Creswick Street|Seddon|VIC|Victoria|3011|Aiden Reed|Aiden3810@yahoo.com|0423431102
56 Creswick Street|Footscray|VIC|Victoria|3011|Lena Simpson|Lena3781@yahoo.com|0423431102
18 Mancini Drive|Yoogali|NSW|New South Wales|2680|Jessica Collins|Jessica7381@gmail.com|0400025259
18 Mancini Drive|Hanwood|NSW|New South Wales|2680|Clarence Rogers|Clarence3520@gmail.com|0400025259
18 Mancini Drive|Tharbogang|NSW|New South Wales|2680|Patrick Knight|Patrick6964@gmail.com|0400025259
18 Mancini Drive|Bilbul|NSW|New South Wales|2680|Herman Ryan|Herman1887@gmail.com|0400025259
18 Mancini Drive|Lake Wyangan|NSW|New South Wales|2680|Samuel Hale|Samuel2797@gmail.com|0400025259
18 Mancini Drive|Beelbangera|NSW|New South Wales|2680|Irene Craig|Irene2417@gmail.com|0400025259
18 Mancini Drive|Nericon|NSW|New South Wales|2680|Charlie Meyer|Charlie8171@gmail.com|0400025259
18 Mancini Drive|Griffith|NSW|New South Wales|2680|Zoe Morales|Zoe3942@gmail.com|0400025259
65 karingi st ettalong beach|Umina Beach|NSW|New South Wales|2257|Sally Riley|Sally3191@yahoo.com|0423317507
65 karingi st ettalong beach|Ettalong Beach|NSW|New South Wales|2257|Jon Obrien|Jon9792@yahoo.com|0423317507
65 karingi st ettalong beach|Killcare|NSW|New South Wales|2257|Willard Kelley|Willard0960@yahoo.com|0423317507
65 karingi st ettalong beach|Booker Bay|NSW|New South Wales|2257|Delores Alvarez|Delores3887@yahoo.com|0423317507
65 karingi st ettalong beach|Wagstaffe|NSW|New South Wales|2257|Ethan Terry|Ethan6281@yahoo.com|0423317507
65 karingi st ettalong beach|Killcare Heights|NSW|New South Wales|2257|Mario Alexander|Mario2016@yahoo.com|0423317507
65 karingi st ettalong beach|Daleys Point|NSW|New South Wales|2257|Ronald Chambers|Ronald6572@yahoo.com|0423317507
65 karingi st ettalong beach|Hardys Bay|NSW|New South Wales|2257|Richard Daniels|Richard3321@yahoo.com|0423317507
65 karingi st ettalong beach|Pretty Beach|NSW|New South Wales|2257|Gordon Cruz|Gordon2784@yahoo.com|0423317507
65 karingi st ettalong beach|St Huberts Island|NSW|New South Wales|2257|Shane Welch|Shane5635@yahoo.com|0423317507
10 Carnoustie drive|Sunbury|VIC|Victoria|3429|Darrell Long|Darrell6014@gmail.com|0435372644
10 Carnoustie drive|Wildwood|VIC|Victoria|3429|Sebastian Morrison|Sebastian7898@gmail.com|0435372644
8/2 Byass Street|South Hedland|WA|Western Australia|6722|Jerome Morales|Jerome4035@outlook.com|6503
66 Ashburner Street, Higgins|Melba|ACT|Australian Capital Territory|2615|Steven Murphy|Steven5390@yahoo.com|0406378407
66 Ashburner Street, Higgins|Florey|ACT|Australian Capital Territory|2615|Charlie Barrett|Charlie3314@yahoo.com|0406378407
66 Ashburner Street, Higgins|Macgregor|ACT|Australian Capital Territory|2615|Jon Phillips|Jon2244@yahoo.com|0406378407
66 Ashburner Street, Higgins|Dunlop|ACT|Australian Capital Territory|2615|Jeffrey Rodriguez|Jeffrey9914@yahoo.com|0406378407
66 Ashburner Street, Higgins|Spence|ACT|Australian Capital Territory|2615|Gene Elliott|Gene7104@yahoo.com|0406378407
66 Ashburner Street, Higgins|Flynn|ACT|Australian Capital Territory|2615|Lucy Powell|Lucy5773@yahoo.com|0406378407
66 Ashburner Street, Higgins|Higgins|ACT|Australian Capital Territory|2615|Eileen Kim|Eileen4444@yahoo.com|0406378407
66 Ashburner Street, Higgins|Holt|ACT|Australian Capital Territory|2615|Stella Curtis|Stella7753@yahoo.com|0406378407
66 Ashburner Street, Higgins|Latham|ACT|Australian Capital Territory|2615|Kelly Fox|Kelly5661@yahoo.com|0406378407
66 Ashburner Street, Higgins|Charnwood|ACT|Australian Capital Territory|2615|Frances Ortiz|Frances0405@yahoo.com|0406378407
66 Ashburner Street, Higgins|Fraser|ACT|Australian Capital Territory|2615|Andre Ruiz|Andre9030@yahoo.com|0406378407
Unit 206/12 Martin Street|St Kilda|VIC|Victoria|3182|Anne Cook|Anne9559@hotmail.com|0449779650
Unit 206/12 Martin Street|St Kilda West|VIC|Victoria|3182|Calvin Ellis|Calvin4500@hotmail.com|0449779650
53 waterview Avenue|Wynnum|QLD|Queensland|4178|Ethan Kennedy|Ethan7678@yahoo.com|0402061565
53 waterview Avenue|Wynnum West|QLD|Queensland|4178|Brad Soto|Brad4674@yahoo.com|0402061565
53 waterview Avenue|Port Of Brisbane|QLD|Queensland|4178|Walter Perez|Walter1590@yahoo.com|0402061565
18 Cloon crt|Serpentine|WA|Western Australia|6125|Annette Daniels|Annette3853@hotmail.com|0428174761
18 Cloon crt|Mardella|WA|Western Australia|6125|Constance Hopkins|Constance2927@hotmail.com|0428174761
85, Schneider Rd|Wingham|NSW|New South Wales|2429|Dianne Lane|Dianne3042@outlook.com| 61265505088
27 Bailey Street|Trigg|WA|Western Australia|6029|Mattie Mitchell|Mattie4311@outlook.com|0402064400
85 Fairbank Street|Robertson|QLD|Queensland|4109|Yolanda Butler|Yolanda6211@yahoo.com|0414392066
85 Fairbank Street|Sunnybank|QLD|Queensland|4109|Juan Lee|Juan9174@yahoo.com|0414392066
85 Fairbank Street|Sunnybank Hills|QLD|Queensland|4109|Greg Chavez|Greg7678@yahoo.com|0414392066
85 Fairbank Street|Macgregor|QLD|Queensland|4109|Phillip Powell|Phillip9879@yahoo.com|0414392066
1209/401 Docklands Drive|Docklands|VIC|Victoria|3008|Jamie Gregory|Jamie5603@hotmail.com|04325783
22 Vida Avenue|Ridgehaven|SA|South Australia|5097|Sherri Murphy|Sherri0763@hotmail.com|82636028
22 Vida Avenue|St Agnes|SA|South Australia|5097|Deanna Mills|Deanna1037@hotmail.com|82636028
22 Vida Avenue|Redwood Park|SA|South Australia|5097|Sherry Cole|Sherry6393@hotmail.com|82636028
104 Eleanor Street|Seddon|VIC|Victoria|3011|Hailey Horton|Hailey0111@outlook.com|0424982575
104 Eleanor Street|Footscray|VIC|Victoria|3011|Earl Bates|Earl8875@outlook.com|0424982575
104 Eleanor Street|Seddon|VIC|Victoria|3011|Peyton Stephens|Peyton1741@outlook.com|0411576266
104 Eleanor Street|Footscray|VIC|Victoria|3011|Esther Jordan|Esther3498@outlook.com|0411576266
10 Carnoustie drive|Sunbury|VIC|Victoria|3429|Peggy Owens|Peggy1388@outlook.com|0435372644
10 Carnoustie drive|Wildwood|VIC|Victoria|3429|Eileen Schmidt|Eileen2692@outlook.com|0435372644
8/2 Byass Street|South Hedland|WA|Western Australia|6722|Kenneth Snyder|Kenneth8889@gmail.com|6503
66 Ashburner Street, Higgins|Melba|ACT|Australian Capital Territory|2615|Gary Rodriquez|Gary4868@yahoo.com|0406378407
66 Ashburner Street, Higgins|Florey|ACT|Australian Capital Territory|2615|Gertrude Murphy|Gertrude6453@yahoo.com|0406378407
66 Ashburner Street, Higgins|Macgregor|ACT|Australian Capital Territory|2615|Juanita Steeves |Juanita4820@yahoo.com|0406378407
66 Ashburner Street, Higgins|Dunlop|ACT|Australian Capital Territory|2615|Jesus Hill|Jesus6031@yahoo.com|0406378407
66 Ashburner Street, Higgins|Spence|ACT|Australian Capital Territory|2615|Carlos Campbell|Carlos6545@yahoo.com|0406378407
66 Ashburner Street, Higgins|Flynn|ACT|Australian Capital Territory|2615|Jill Robertson|Jill0801@yahoo.com|0406378407
66 Ashburner Street, Higgins|Higgins|ACT|Australian Capital Territory|2615|Genesis Vasquez|Genesis6271@yahoo.com|0406378407
66 Ashburner Street, Higgins|Holt|ACT|Australian Capital Territory|2615|Timmothy Perez|Timmothy6791@yahoo.com|0406378407
66 Ashburner Street, Higgins|Latham|ACT|Australian Capital Territory|2615|Arianna Cox|Arianna3491@yahoo.com|0406378407
66 Ashburner Street, Higgins|Charnwood|ACT|Australian Capital Territory|2615|Kristin Gardner|Kristin6334@yahoo.com|0406378407
66 Ashburner Street, Higgins|Fraser|ACT|Australian Capital Territory|2615|Lorraine Ellis|Lorraine3219@yahoo.com|0406378407
Unit 206/12 Martin Street|St Kilda|VIC|Victoria|3182|Katie Burke|Katie6303@yahoo.com|0449779650
Unit 206/12 Martin Street|St Kilda West|VIC|Victoria|3182|Patrick Fowler|Patrick4503@yahoo.com|0449779650
53 waterview Avenue|Wynnum|QLD|Queensland|4178|Dennis Little|Dennis4610@gmail.com|0402061565
53 waterview Avenue|Wynnum West|QLD|Queensland|4178|Christy Steward|Christy5710@gmail.com|0402061565
53 waterview Avenue|Port Of Brisbane|QLD|Queensland|4178|Celina Medina|Celina1973@gmail.com|0402061565
18 Cloon crt|Serpentine|WA|Western Australia|6125|Fred Palmer|Fred5615@yahoo.com|0428174761
18 Cloon crt|Mardella|WA|Western Australia|6125| |7208@yahoo.com|0428174761
85, Schneider Rd|Wingham|NSW|New South Wales|2429|Hailey Bradley|Hailey9050@gmail.com| 61265505088
27 Bailey Street|Trigg|WA|Western Australia|6029|Megan Butler|Megan1120@gmail.com|0402064400
85 Fairbank Street|Robertson|QLD|Queensland|4109|Elijah Hanson|Elijah4830@gmail.com|0411289579
85 Fairbank Street|Sunnybank|QLD|Queensland|4109|Justin Sims|Justin7002@gmail.com|0411289579
85 Fairbank Street|Sunnybank Hills|QLD|Queensland|4109|Patsy Powell|Patsy8426@gmail.com|0411289579
85 Fairbank Street|Macgregor|QLD|Queensland|4109|Ronnie Morrison|Ronnie5251@gmail.com|0411289579
1209/401 Docklands Drive|Docklands|VIC|Victoria|3008|Lance Richards|Lance1347@gmail.com|04325783
22 Vida Avenue|Ridgehaven|SA|South Australia|5097|Rick Kelly|Rick8136@yahoo.com|82636028
22 Vida Avenue|St Agnes|SA|South Australia|5097|Crystal Walters|Crystal9957@yahoo.com|82636028
22 Vida Avenue|Redwood Park|SA|South Australia|5097|Shawn Johnston|Shawn5556@yahoo.com|82636028
104 Eleanor Street|Seddon|VIC|Victoria|3011|Elmer Jacobs|Elmer6999@gmail.com|0424982575
104 Eleanor Street|Footscray|VIC|Victoria|3011|Owen Hughes|Owen4497@gmail.com|0424982575
104 Eleanor Street|Seddon|VIC|Victoria|3011|Benjamin Clark|Benjamin8106@hotmail.com|0411647427
104 Eleanor Street|Footscray|VIC|Victoria|3011|Brandy Dean|Brandy6395@hotmail.com|0411647427
46 Arundel Park Drive|St Clair|NSW|New South Wales|2759|Ritthy Harvey|Ritthy1707@outlook.com|0422561487
46 Arundel Park Drive|Erskine Park|NSW|New South Wales|2759|Harold Graham|Harold2692@outlook.com|0422561487
6 Breasley Avenue|Yagoona|NSW|New South Wales|2199|Colleen Bishop|Colleen5855@yahoo.com|61414297352
6 Breasley Avenue|Yagoona West|NSW|New South Wales|2199|Joshua Oliver|Joshua3748@yahoo.com|61414297352
P.O. Box 1074|Willagee|WA|Western Australia|6156|Zoey Bradley|Zoey6153@hotmail.com|0417965208
P.O. Box 1074|Melville|WA|Western Australia|6156|Ann Stanley|Ann4076@hotmail.com|0417965208
P.O. Box 1074|Attadale|WA|Western Australia|6156|Mario Gonzalez|Mario6714@hotmail.com|0417965208
102 Brighton road|Scarborough|WA|Western Australia|6019|Phyllis Beck|Phyllis4568@yahoo.com|0404336170
21|Kallangur|QLD|Queensland|4503|Jose Griffin|Jose3747@yahoo.com|0415946102
21|Griffin|QLD|Queensland|4503|Lucille Lawson|Lucille2257@yahoo.com|0415946102
21|Kurwongbah|QLD|Queensland|4503|Juanita Duncan|Juanita1634@yahoo.com|0415946102
21|Dakabin|QLD|Queensland|4503|Stella Warren|Stella7694@yahoo.com|0415946102
21|Murrumba Downs|QLD|Queensland|4503|Jackie Berry|Jackie2572@yahoo.com|0415946102
21|Whiteside|QLD|Queensland|4503|Jeremiah Lawson|Jeremiah8934@yahoo.com|0415946102
40 Titwobble Lane|Wedderburn|VIC|Victoria|3518|Luis Carlson|Luis4993@gmail.com|0354943556
Construction Project|Dandenong North|VIC|Victoria|3175|Frances Martin|Frances1336@yahoo.com|0439721504
Construction Project|Bangholme|VIC|Victoria|3175|Gary Morrison|Gary5622@yahoo.com|0439721504
Construction Project|Dandenong|VIC|Victoria|3175|Taylor Austin|Taylor6586@yahoo.com|0439721504
23 St Mangos La|Docklands|VIC|Victoria|3008|Joshua Sutton|Joshua1993@gmail.com|0451167895
Po box 771|Downer|ACT|Australian Capital Territory|2602|Irma Pena|Irma4954@yahoo.com|0428624527
Po box 771|O'Connor|ACT|Australian Capital Territory|2602|Isaac Hughes|Isaac6391@yahoo.com|0428624527
Po box 771|Watson|ACT|Australian Capital Territory|2602|Katrina Allen|Katrina6274@yahoo.com|0428624527
Po box 771|Hackett|ACT|Australian Capital Territory|2602|Jorge Palmer|Jorge5231@yahoo.com|0428624527
Po box 771|Ainslie|ACT|Australian Capital Territory|2602|Lillian Mccoy|Lillian9711@yahoo.com|0428624527
Po box 771|Dickson|ACT|Australian Capital Territory|2602|Reginald Ellis|Reginald4710@yahoo.com|0428624527
Po box 771|Lyneham|ACT|Australian Capital Territory|2602|Glen Sims|Glen0747@yahoo.com|0428624527
57 Sir Charles Holm Drive|Ormeau|QLD|Queensland|4208|Landon Walters|Landon0974@yahoo.com|0425550406
22 Henry Lawson Drive|Pakenham|VIC|Victoria|3810|Jean James|Jean2880@hotmail.com|0429867684
76 Truman Street|Newport|VIC|Victoria|3015|Aubree Marshall|Aubree9442@yahoo.com|0432904779
76 Truman Street|South Kingsville|VIC|Victoria|3015|Vincent Stevens|Vincent3002@yahoo.com|0432904779
76 Truman Street|Spotswood|VIC|Victoria|3015|Pat Coleman|Pat7376@yahoo.com|0432904779
Suite 501 , Level 5|Haymarket|NSW|New South Wales|2000|Nelson Wagner|Nelson8845@hotmail.com|292595555
Suite 501 , Level 5|Millers Point|NSW|New South Wales|2000|Neil Thomas|Neil9423@hotmail.com|292595555
Suite 501 , Level 5|The Rocks|NSW|New South Wales|2000|Gregory Franklin|Gregory0509@hotmail.com|292595555
Suite 501 , Level 5|Barangaroo|NSW|New South Wales|2000|Calvin Wheeler|Calvin8670@hotmail.com|292595555
4, Priestley Close|St Ives|NSW|New South Wales|2075|Mary Hernandez|Mary6456@gmail.com|0411114755
4, Priestley Close|St Ives Chase|NSW|New South Wales|2075|Alvin Carr|Alvin6235@gmail.com|0411114755
39,42-48 Waverley st|Queens Park|NSW|New South Wales|2022|Debbie Davis|Debbie5893@gmail.com|0418363781
10 Warmington Rd|Ashgrove|QLD|Queensland|4060|Addison Fox|Addison1580@hotmail.com|0419367226
PO Box 140|Ashburton|VIC|Victoria|3147|Bobbie Jacobs|Bobbie2542@yahoo.com|0412658159
PO Box 140|Ashwood|VIC|Victoria|3147|Cindy Lambert|Cindy0826@yahoo.com|0412658159
4 sussman cr|Smithfield|NSW|New South Wales|2164|Ken Rivera|Ken1501@yahoo.com|0477600158
4 sussman cr|Woodpark|NSW|New South Wales|2164|Shane Burns|Shane3299@yahoo.com|0477600158
4 sussman cr|Wetherill Park|NSW|New South Wales|2164|Clinton Wells|Clinton5386@yahoo.com|0477600158
160 George Street|Haymarket|NSW|New South Wales|2000|Benjamin Prescott|Benjamin4810@hotmail.com|0421669172
160 George Street|Millers Point|NSW|New South Wales|2000|Shelly Castillo|Shelly8751@hotmail.com|0421669172
160 George Street|The Rocks|NSW|New South Wales|2000|Gertrude Reynolds|Gertrude2551@hotmail.com|0421669172
2 Martin Court West Lakes|West Lakes|SA|South Australia|5021|Claude Shaw|Claude6638@yahoo.com|0417347133
160 George Street|Barangaroo|NSW|New South Wales|2000|Javier Chavez|Javier1838@hotmail.com|0421669172
12 adam street|Williams|WA|Western Australia|6391|Alberto Alvarez|Alberto3226@yahoo.com|0427989703
12 adam street|Williams|WA|Western Australia|6391|Crystal Freeman|Crystal2539@outlook.com|0427989703
12 adam street|Williams|WA|Western Australia|6391|Isaiah Campbell|Isaiah4740@yahoo.com|0427989703
12 adam street|Williams|WA|Western Australia|6391|Shawn Howell|Shawn9479@gmail.com|0427989703
26 Lobelia Crescent|Casuarina|NSW|New South Wales|2487|Juanita Sutton|Juanita1085@hotmail.com|419820190
26 Lobelia Crescent|Kingscliff|NSW|New South Wales|2487|Isaiah Hoffman|Isaiah0704@hotmail.com|419820190
26 Lobelia Crescent|Cudgen|NSW|New South Wales|2487|Juan Mendoza|Juan8970@hotmail.com|419820190
26 Lobelia Crescent|Fingal Head|NSW|New South Wales|2487|Rodney Terry|Rodney2496@hotmail.com|419820190
26 Lobelia Crescent|Duranbah|NSW|New South Wales|2487|Dean Carlson|Dean2516@hotmail.com|419820190
26 Lobelia Crescent|Kings Forest|NSW|New South Wales|2487|Gilbert Jackson|Gilbert2195@hotmail.com|419820190
Po box 989|Rocky Point|QLD|Queensland|4874|Fred Burton|Fred7092@gmail.com|0407648484
26 Lobelia Crescent|Chinderah|NSW|New South Wales|2487|Monica Perez|Monica7711@hotmail.com|419820190
Po box 989|Trunding|QLD|Queensland|4874|Tammy Berry|Tammy6030@gmail.com|0407648484
26 Lobelia Crescent|Stotts Creek|NSW|New South Wales|2487|Nevaeh Hopkins|Nevaeh0801@hotmail.com|419820190
Po box 989|Nanum|QLD|Queensland|4874|Lauren Warren|Lauren1205@gmail.com|0407648484
6 Christison way Australind WA 6233 Australia|Australind|WA|Western Australia|6233|Joy Kim|Joy2340@hotmail.com|0457491539
6 Christison way Australind WA 6233 Australia|Binningup|WA|Western Australia|6233|Eugene Byrd|Eugene0431@hotmail.com|0457491539
6 Christison way Australind WA 6233 Australia|Leschenault|WA|Western Australia|6233|Gavin Carpenter|Gavin7478@hotmail.com|0457491539
Level 21, 20 Bond Street|Haymarket|NSW|New South Wales|2000|Claire Jones|Claire5912@yahoo.com|82989533
Level 21, 20 Bond Street|Millers Point|NSW|New South Wales|2000|Stacey Harvey|Stacey7599@yahoo.com|82989533
Level 21, 20 Bond Street|The Rocks|NSW|New South Wales|2000|Shawn Bates|Shawn2369@yahoo.com|82989533
Level 21, 20 Bond Street|Barangaroo|NSW|New South Wales|2000|Alexis Sims|Alexis3151@yahoo.com|82989533
1/401 murray road|Preston|VIC|Victoria|3072|Tracy Simpson|Tracy4356@yahoo.com|0415774669
36B Anne Street|Ormond|VIC|Victoria|3204|Ramon Ray|Ramon3817@hotmail.com|0421753553
36B Anne Street|Mckinnon|VIC|Victoria|3204|Shawn Alexander|Shawn6619@hotmail.com|0421753553
36B Anne Street|Bentleigh|VIC|Victoria|3204|Emma Soto|Emma7286@hotmail.com|0421753553
11 yoorana place|Kellyville|NSW|New South Wales|2155|Julio Burns|Julio7079@hotmail.com|3003394
11 yoorana place|Beaumont Hills|NSW|New South Wales|2155|Phyllis Young|Phyllis1540@hotmail.com|3003394
11 yoorana place|Kellyville Ridge|NSW|New South Wales|2155|Wanda Watts|Wanda4225@hotmail.com|3003394
11 yoorana place|Rouse Hill|NSW|New South Wales|2155|Melanie Dunn|Melanie0029@hotmail.com|3003394
22, McCarthy Drive|Diddillibah|QLD|Queensland|4559|Stephen Ramirez|Stephen7213@hotmail.com|754422879
22, McCarthy Drive|Woombye|QLD|Queensland|4559|Katrina Perkins|Katrina9332@hotmail.com|754422879
22, McCarthy Drive|West Woombye|QLD|Queensland|4559|Wade James|Wade8367@hotmail.com|754422879
22, McCarthy Drive|Kiels Mountain|QLD|Queensland|4559|Crystal Murphy|Crystal3854@hotmail.com|754422879
9 Mathews pl menai|Menai|NSW|New South Wales|2234|Megan Davis|Megan2213@outlook.com|0402843572
9 Mathews pl menai|Barden Ridge|NSW|New South Wales|2234|Lester Caldwell|Lester2266@outlook.com|0402843572
9 Mathews pl menai|Alfords Point|NSW|New South Wales|2234|Jeremy Allen|Jeremy1378@outlook.com|0402843572
36 Furness dve|Cooroibah|QLD|Queensland|4565|Flenn Barrett|Flenn5556@yahoo.com|0418995495
36 Furness dve|Tewantin|QLD|Queensland|4565|Elizabeth Collins|Elizabeth7793@yahoo.com|0418995495
36 Furness dve|Cootharaba|QLD|Queensland|4565|Ray Hawkins|Ray8760@yahoo.com|0418995495
385 barkly street|Brunswick|VIC|Victoria|3056|Gertrude Henry|Gertrude8534@outlook.com|0434605576
16 Biddle court|Andergrove|QLD|Queensland|4740|Leta Green|Leta0410@yahoo.com|0417198443
16 Biddle court|Beaconsfield|QLD|Queensland|4740|Nora Peters|Nora3231@yahoo.com|0417198443
16 Biddle court|Rural View|QLD|Queensland|4740|Ian Powell|Ian2598@yahoo.com|0417198443
16 Biddle court|Mount Pleasant|QLD|Queensland|4740|Lydia Graham|Lydia6158@yahoo.com|0417198443
16 Biddle court|West Mackay|QLD|Queensland|4740|Pearl Day|Pearl5440@yahoo.com|0417198443
16 Biddle court|East Mackay|QLD|Queensland|4740|Samantha Jimenez|Samantha9722@yahoo.com|0417198443
16 Biddle court|Ooralea|QLD|Queensland|4740|Bob Hawkins|Bob3599@yahoo.com|0417198443
16 Biddle court|Blacks Beach|QLD|Queensland|4740|Erin Nelson|Erin3786@yahoo.com|0417198443
16 Biddle court|North Mackay|QLD|Queensland|4740|Anne Rogers|Anne2815@yahoo.com|0417198443
16 Biddle court|Paget|QLD|Queensland|4740|Olivia Pierce|Olivia2665@yahoo.com|0417198443
16 Biddle court|Glenella|QLD|Queensland|4740|Janice Steward|Janice2349@yahoo.com|0417198443
16 Biddle court|Eimeo|QLD|Queensland|4740|Janet Jones|Janet4696@yahoo.com|0417198443
16 Biddle court|South Mackay|QLD|Queensland|4740|Sharlene Jensen|Sharlene0108@yahoo.com|0417198443
16 Biddle court|Richmond|QLD|Queensland|4740|Carmen Walker|Carmen9256@yahoo.com|0417198443
16 Biddle court|Grasstree Beach|QLD|Queensland|4740|Rosa Hunt|Rosa0332@yahoo.com|0417198443
16 Biddle court|Balnagowan|QLD|Queensland|4740|Denise Prescott|Denise9139@yahoo.com|0417198443
16 Biddle court|Habana|QLD|Queensland|4740|Ronnie Roberts|Ronnie9489@yahoo.com|0417198443
16 Biddle court|The Leap|QLD|Queensland|4740|Shelly Reyes|Shelly4470@yahoo.com|0417198443
16 Biddle court|Balberra|QLD|Queensland|4740|Leroy Murray|Leroy4586@yahoo.com|0417198443
16 Biddle court|Erakala|QLD|Queensland|4740|Herman Martin|Herman3278@yahoo.com|0417198443
16 Biddle court|Hay Point|QLD|Queensland|4740|Willie Day|Willie8067@yahoo.com|0417198443
16 Biddle court|Haliday Bay|QLD|Queensland|4740|Darlene Jackson|Darlene8621@yahoo.com|0417198443
16 Biddle court|Nindaroo|QLD|Queensland|4740|Vivan Smith|Vivan7462@yahoo.com|0417198443
16 Biddle court|Homebush|QLD|Queensland|4740|Nelson Peck|Nelson9055@yahoo.com|0417198443
16 Biddle court|Dumbleton|QLD|Queensland|4740|Christina Boyd|Christina5363@yahoo.com|0417198443
16 Biddle court|Sandiford|QLD|Queensland|4740|Jamie Warren|Jamie4809@yahoo.com|0417198443
16 Biddle court|Alexandra|QLD|Queensland|4740|Suzanne Wells|Suzanne1968@yahoo.com|0417198443
16 Biddle court|Dolphin Heads|QLD|Queensland|4740|Jim Romero|Jim9962@yahoo.com|0417198443
16 Biddle court|Mount Jukes|QLD|Queensland|4740|Gavin Nguyen|Gavin3479@yahoo.com|0417198443
16 Biddle court|Bakers Creek|QLD|Queensland|4740|Chloe Carr|Chloe9745@yahoo.com|0417198443
16 Biddle court|Chelona|QLD|Queensland|4740|Vivan Anderson|Vivan2217@yahoo.com|0417198443
16 Biddle court|Racecourse|QLD|Queensland|4740|Minnie Gilbert|Minnie5030@yahoo.com|0417198443
16 Biddle court|Cremorne|QLD|Queensland|4740|Corey Kelly|Corey9703@yahoo.com|0417198443
5 Markwell Court|Petrie|QLD|Queensland|4502|Mildred Lewis|Mildred1131@outlook.com|0467042563
Level 2, 105 Pearl River Road|Docklands|VIC|Victoria|3008|Anne Stephens|Anne4943@outlook.com|0414395666
Unit 13|Croydon|VIC|Victoria|3136|Ella Cole|Ella0958@gmail.com|397236814
7 Highland Crescent|Narre Warren|VIC|Victoria|3805|Krin Wright|Krin8151@outlook.com|0416261497
7 Highland Crescent|Narre Warren South|VIC|Victoria|3805|Sandra Curtis|Sandra3194@outlook.com|0416261497
12 Molle Place|Narellan|NSW|New South Wales|2567|Alyssa Murray|Alyssa9617@outlook.com|418222348
12 Molle Place|Harrington Park|NSW|New South Wales|2567|Brent Parker|Brent6215@outlook.com|418222348
12 Molle Place|Mount Annan|NSW|New South Wales|2567|Melissa Holt|Melissa0815@outlook.com|418222348
12 Molle Place|Currans Hill|NSW|New South Wales|2567|Ramon Carlson|Ramon6174@outlook.com|418222348
12 Molle Place|Narellan Vale|NSW|New South Wales|2567|Alexis Duncan|Alexis6586@outlook.com|418222348
12 Molle Place|Smeaton Grange|NSW|New South Wales|2567|Johnny Steward|Johnny9056@outlook.com|418222348
12 Molle Place|Narellan Dc|NSW|New South Wales|2567|Kaylee Bryant|Kaylee7541@outlook.com|418222348
73 merrindale drive|Croydon|VIC|Victoria|3136|Lynn Moore|Lynn0790@gmail.com|403162633
130-148 Woodpark Road|Smithfield|NSW|New South Wales|2164|Leta Banks|Leta0563@hotmail.com|0297215900
130-148 Woodpark Road|Woodpark|NSW|New South Wales|2164|Darryl Carlson|Darryl8274@hotmail.com|0297215900
130-148 Woodpark Road|Wetherill Park|NSW|New South Wales|2164|Steven Cunningham|Steven2756@hotmail.com|0297215900
10a, Arthur|Ridgehaven|SA|South Australia|5097|Amelia Clark|Amelia5967@hotmail.com|0422938584
10a, Arthur|St Agnes|SA|South Australia|5097|Brayden Mendoza|Brayden7656@hotmail.com|0422938584
10a, Arthur|Redwood Park|SA|South Australia|5097|Tanya Larson|Tanya1273@hotmail.com|0422938584
120 Lower Dandenong Road|Parkdale|VIC|Victoria|3195|Zoe White|Zoe7683@outlook.com|0406035572
120 Lower Dandenong Road|Aspendale|VIC|Victoria|3195|Jackson Moreno|Jackson3113@outlook.com|0406035572
120 Lower Dandenong Road|Braeside|VIC|Victoria|3195|Olivia Wright|Olivia5539@outlook.com|0406035572
120 Lower Dandenong Road|Aspendale Gardens|VIC|Victoria|3195|Arron Robinson|Arron7165@outlook.com|0406035572
120 Lower Dandenong Road|Waterways|VIC|Victoria|3195|Sandra Bell|Sandra5067@outlook.com|0406035572
39 Veronica Avenue|Springwood|QLD|Queensland|4127|Hugh Romero|Hugh4409@yahoo.com|0419336035
39 Veronica Avenue|Slacks Creek|QLD|Queensland|4127|Glenda Flores|Glenda3195@yahoo.com|0419336035
39 Veronica Avenue|Daisy Hill|QLD|Queensland|4127|Erik Sanders|Erik2155@yahoo.com|0419336035
3/32 Jindalee road|Thrumster|NSW|New South Wales|2444|Pearl Anderson|Pearl6638@hotmail.com|0418280459
3/32 Jindalee road|Riverside|NSW|New South Wales|2444|Elijah Wells|Elijah7372@hotmail.com|0418280459
3/32 Jindalee road|Port Macquarie|NSW|New South Wales|2444|Tim Kuhn|Tim9005@hotmail.com|0418280459
3/32 Jindalee road|North Shore|NSW|New South Wales|2444|Abigail Cox|Abigail1142@hotmail.com|0418280459
3/32 Jindalee road|Blackmans Point|NSW|New South Wales|2444|Gabriella Harris|Gabriella5455@hotmail.com|0418280459
3/32 Jindalee road|Fernbank Creek|NSW|New South Wales|2444|Lisa Fletcher|Lisa7357@hotmail.com|0418280459
PO Box 764|Yoogali|NSW|New South Wales|2680|Isaiah Bowman|Isaiah0310@hotmail.com|0427939831
PO Box 764|Hanwood|NSW|New South Wales|2680| |6457@hotmail.com|0427939831
PO Box 764|Tharbogang|NSW|New South Wales|2680|Jesse Scott|Jesse3303@hotmail.com|0427939831
PO Box 764|Bilbul|NSW|New South Wales|2680|Leslie Moore|Leslie6573@hotmail.com|0427939831
PO Box 764|Lake Wyangan|NSW|New South Wales|2680|Jessie Ford|Jessie6793@hotmail.com|0427939831
PO Box 764|Beelbangera|NSW|New South Wales|2680|Cathy Lowe|Cathy9605@hotmail.com|0427939831
PO Box 764|Nericon|NSW|New South Wales|2680|Stella Lynch|Stella3476@hotmail.com|0427939831
PO Box 764|Griffith|NSW|New South Wales|2680|Kim Payne|Kim7904@hotmail.com|0427939831
Cnr main north road and market lane|Mawson Lakes|SA|South Australia|5095|Willie Roberts|Willie5250@gmail.com| 61417869569
Cnr main north road and market lane|Pooraka|SA|South Australia|5095|Gabriella Lambert|Gabriella5451@gmail.com| 61417869569
18 Avoca cres Pascoe Vale|Pascoe Vale|VIC|Victoria|3044|Dwayne Mills|Dwayne1056@gmail.com|0401583429
118/5 Pyrmont bridge road|Camperdown|NSW|New South Wales|2050|Alfred Diaz|Alfred9323@yahoo.com|0415043998
6 Brandon Mews|Belmont|VIC|Victoria|3216|Avery Cox|Avery4804@outlook.com| 61352432325
6 Brandon Mews|Highton|VIC|Victoria|3216|Constance Carpenter|Constance9519@outlook.com| 61352432325
6 Brandon Mews|Grovedale|VIC|Victoria|3216|Melinda Chapman|Melinda4555@outlook.com| 61352432325
6 Brandon Mews|Waurn Ponds|VIC|Victoria|3216|Ryan Harrison|Ryan2107@outlook.com| 61352432325
6 Brandon Mews|Marshall|VIC|Victoria|3216|Franklin Lucas|Franklin7461@outlook.com| 61352432325
6 Brandon Mews|Wandana Heights|VIC|Victoria|3216|Mae Kim|Mae4940@outlook.com| 61352432325
37 Everglades street|The Ponds|NSW|New South Wales|2769|Nina Brewer|Nina7589@hotmail.com|0435718735
94 denning rd|Brighton|QLD|Queensland|4017|Sara Henderson|Sara4794@yahoo.com|0404466743
94 denning rd|Bracken Ridge|QLD|Queensland|4017|Gail Herrera|Gail2896@yahoo.com|0404466743
94 denning rd|Shorncliffe|QLD|Queensland|4017|Ivan Wheeler|Ivan3073@yahoo.com|0404466743
94 denning rd|Deagon|QLD|Queensland|4017|Jason Jones|Jason8364@yahoo.com|0404466743
94 denning rd|Sandgate|QLD|Queensland|4017|Vanessa Fields|Vanessa6124@yahoo.com|0404466743
2305/70 Lorimer St|Docklands|VIC|Victoria|3008|Loretta Carroll|Loretta9117@outlook.com|0487641862
2305/70 Lorimer St|Docklands|VIC|Victoria|3008|Maureen Mason|Maureen5293@hotmail.com|0487641862
2305/70 Lorimer St|Docklands|VIC|Victoria|3008|Enrique Fuller|Enrique2764@outlook.com|0487641862
9-456 Cranebrook Rd|Cranebrook|NSW|New South Wales|2749|Lee Price|Lee4431@outlook.com|406755650
9-456 Cranebrook Rd|Castlereagh|NSW|New South Wales|2749|Roger Tucker|Roger7236@outlook.com|406755650
2a Dunmore St Blair Athol|Kilburn|SA|South Australia|5084|Mason Johnston|Mason3749@gmail.com|0427282234
104 Palmer avenue|Pelican Waters|QLD|Queensland|4551|Pat Terry|Pat3916@outlook.com|0448866194
104 Palmer avenue|Golden Beach|QLD|Queensland|4551|Bonnie Bowman|Bonnie0686@outlook.com|0448866194
104 Palmer avenue|Pelican Waters|QLD|Queensland|4551|Terri Richardson|Terri9477@outlook.com|0448866194
104 Palmer avenue|Caloundra West|QLD|Queensland|4551|Harold Campbell|Harold0816@outlook.com|0448866194
104 Palmer avenue|Golden Beach|QLD|Queensland|4551|Don Ryan|Don1771@outlook.com|0448866194
104 Palmer avenue|Meridan Plains|QLD|Queensland|4551|Ella Jenkins|Ella8774@outlook.com|0448866194
104 Palmer avenue|Caloundra West|QLD|Queensland|4551|Sharlene Mccoy|Sharlene8177@outlook.com|0448866194
104 Palmer avenue|Kings Beach|QLD|Queensland|4551|Toni Barrett|Toni7718@outlook.com|0448866194
104 Palmer avenue|Meridan Plains|QLD|Queensland|4551|Chester Curtis|Chester8006@outlook.com|0448866194
104 Palmer avenue|Aroona|QLD|Queensland|4551|Wallace Dixon|Wallace2606@outlook.com|0448866194
104 Palmer avenue|Moffat Beach|QLD|Queensland|4551| |0046@outlook.com|0448866194
104 Palmer avenue|Kings Beach|QLD|Queensland|4551|Clyde Jimenez|Clyde8591@outlook.com|0448866194
104 Palmer avenue|Currimundi|QLD|Queensland|4551|Joanne Stevens|Joanne1645@outlook.com|0448866194
104 Palmer avenue|Aroona|QLD|Queensland|4551|Laurie Horton|Laurie6026@outlook.com|0448866194
104 Palmer avenue|Little Mountain|QLD|Queensland|4551|Dawn Andrews|Dawn5901@outlook.com|0448866194
104 Palmer avenue|Moffat Beach|QLD|Queensland|4551|Jennifer Perez|Jennifer8400@outlook.com|0448866194
104 Palmer avenue|Currimundi|QLD|Queensland|4551|Harry Cruz|Harry4534@outlook.com|0448866194
104 Palmer avenue|Little Mountain|QLD|Queensland|4551|Lucille Patterson|Lucille1851@outlook.com|0448866194
16 Ranley Grove|Paddington|QLD|Queensland|4064|Stephen Russell|Stephen4925@hotmail.com|0447447702
14 Kay Street|Mount Waverley|VIC|Victoria|3149|Kathryn Chapman|Kathryn9111@gmail.com|0416340960
14 Kay Street|Pinewood|VIC|Victoria|3149|Raul Byrd|Raul7023@gmail.com|0416340960
201/5 Courtney Street|North Melbourne|VIC|Victoria|3051|Louise Dean|Louise3451@gmail.com|0421969277
18 Payson Drive point cook|Point Cook|VIC|Victoria|3030|Sherri Stanley|Sherri4955@outlook.com|0478079304
18 Payson Drive point cook|Derrimut|VIC|Victoria|3030|Julio Young|Julio8563@outlook.com|0478079304
18 Payson Drive point cook|Werribee|VIC|Victoria|3030|Genesis Caldwell|Genesis0613@outlook.com|0478079304
18 Payson Drive point cook|Werribee South|VIC|Victoria|3030|Brett Kuhn|Brett5398@outlook.com|0478079304
6 Whistler Place|Peachester|QLD|Queensland|4519|Jacob Washington|Jacob7990@yahoo.com|0418235744
6 Whistler Place|Beerwah|QLD|Queensland|4519|Harold Silva|Harold9466@yahoo.com|0418235744
23 Matlock street, west Preston|Preston|VIC|Victoria|3072|Danny Torres|Danny1264@outlook.com|0412051707
18 hay street|Helensburgh|NSW|New South Wales|2508|Beth Hill|Beth9332@outlook.com|0401402087
18 hay street|Otford|NSW|New South Wales|2508|Crystal Martinez|Crystal7298@outlook.com|0401402087
18 hay street|Coalcliff|NSW|New South Wales|2508|Calvin Neal|Calvin3862@outlook.com|0401402087
18 hay street|Stanwell Park|NSW|New South Wales|2508|Dolores Brooks|Dolores0522@outlook.com|0401402087
18 hay street|Stanwell Tops|NSW|New South Wales|2508| |7910@outlook.com|0401402087
18 hay street|Darkes Forest|NSW|New South Wales|2508|Ron Romero|Ron3488@outlook.com|0401402087
18 hay street|Maddens Plains|NSW|New South Wales|2508|Lewis Ramirez|Lewis2510@outlook.com|0401402087
18 hay street|Lilyvale|NSW|New South Wales|2508|Zachary Newman|Zachary5224@outlook.com|0401402087
5b 833 Collins st|Docklands|VIC|Victoria|3008|Chris Williamson|Chris0274@yahoo.com|0467977560
15 Leaza Street|Crestmead|QLD|Queensland|4132|Gladys Reynolds|Gladys7019@yahoo.com|0431510077
15 Leaza Street|Marsden|QLD|Queensland|4132|Alice Sims|Alice8571@yahoo.com|0431510077
53 Waragil Street|Blackheath|NSW|New South Wales|2785|Raymond Allen|Raymond9147@outlook.com| 61412449747
53 Waragil Street|Megalong Valley|NSW|New South Wales|2785|Shawn Hawkins|Shawn2021@outlook.com| 61412449747
53 Waragil Street|Megalong|NSW|New South Wales|2785|Joel Lawrence|Joel2951@outlook.com| 61412449747
7 Junction Close|Cranbourne North|VIC|Victoria|3977|Kathy Russell|Kathy6827@yahoo.com|0402125423
7 Junction Close|Sandhurst|VIC|Victoria|3977|Regina Peck|Regina3216@yahoo.com|0402125423
7 Junction Close|Cranbourne East|VIC|Victoria|3977|Eugene Jordan|Eugene4570@yahoo.com|0402125423
7 Junction Close|Skye|VIC|Victoria|3977|Esther Patterson|Esther6164@yahoo.com|0402125423
P.O. Box 65|York|WA|Western Australia|6302|Max Lopez|Max7880@gmail.com|0427086571
7 Junction Close|Cranbourne|VIC|Victoria|3977|Gregory Armstrong|Gregory4068@yahoo.com|0402125423
P.O. Box 65|Greenhills|WA|Western Australia|6302|Harold Knight|Harold1533@gmail.com|0427086571
P.O. Box 65|Talbot|WA|Western Australia|6302| |1110@gmail.com|0427086571
7 Junction Close|Botanic Ridge|VIC|Victoria|3977|Ella Henderson|Ella0727@yahoo.com|0402125423
P.O. Box 65|Wilberforce|WA|Western Australia|6302|Alberto Scott|Alberto4031@gmail.com|0427086571
7 Junction Close|Cannons Creek|VIC|Victoria|3977|Stacy Wagner|Stacy8858@yahoo.com|0402125423
P.O. Box 65|Narraloggan|WA|Western Australia|6302|Herbert Howard|Herbert6965@gmail.com|0427086571
7 Junction Close|Devon Meadows|VIC|Victoria|3977|Chester Johnson|Chester5498@yahoo.com|0402125423
P.O. Box 65|St Ronans|WA|Western Australia|6302|Juan Jackson|Juan6795@gmail.com|0427086571
7 Junction Close|Junction Village|VIC|Victoria|3977|Alvin Reid|Alvin6580@yahoo.com|0402125423
P.O. Box 65|Caljie|WA|Western Australia|6302|Myrtle Newman|Myrtle2975@gmail.com|0427086571
P.O. Box 65|Cold Harbour|WA|Western Australia|6302|Myrtle Steeves |Myrtle0762@gmail.com|0427086571
P.O. Box 65|Daliak|WA|Western Australia|6302|Denise Fleming|Denise5722@gmail.com|0427086571
P.O. Box 65|Balladong|WA|Western Australia|6302|Violet Matthews|Violet6226@gmail.com|0427086571
P.O. Box 65|Gilgering|WA|Western Australia|6302|Lawrence Stone|Lawrence3169@gmail.com|0427086571
P.O. Box 65|Malebelling|WA|Western Australia|6302|Lucy Bailey|Lucy4935@gmail.com|0427086571
P.O. Box 65|Mount Hardey|WA|Western Australia|6302|Gina Holland|Gina8906@gmail.com|0427086571
22 St James Street|Morphett Vale|SA|South Australia|5162|Stacey Little|Stacey6893@gmail.com|0403805525
P.O. Box 65|Gwambygine|WA|Western Australia|6302|Gabriella Davidson|Gabriella7373@gmail.com|0427086571
22 St James Street|Woodcroft|SA|South Australia|5162|Maurice Gonzales|Maurice1239@gmail.com|0403805525
P.O. Box 65|Talbot West|WA|Western Australia|6302|Reginald Lane|Reginald0878@gmail.com|0427086571
P.O. Box 65|Quellington|WA|Western Australia|6302|Margie Watson|Margie9796@gmail.com|0427086571
P.O. Box 65|Inkpen|WA|Western Australia|6302|Beverley Ruiz|Beverley7052@gmail.com|0427086571
P.O. Box 65|Badgin|WA|Western Australia|6302|Kaylee Thomas|Kaylee0757@gmail.com|0427086571
P.O. Box 65|Burges|WA|Western Australia|6302|Zoey Sims|Zoey1784@gmail.com|0427086571
P.O. Box 65|Mount Observation|WA|Western Australia|6302|Lawrence Lawrence|Lawrence7448@gmail.com|0427086571
19 woolgunyah parkway|Flinders|NSW|New South Wales|2529|Fernando May|Fernando6332@gmail.com|0421224972
19 woolgunyah parkway|Shellharbour|NSW|New South Wales|2529|Ben Freeman|Ben8536@gmail.com|0421224972
19 woolgunyah parkway|Shell Cove|NSW|New South Wales|2529|Gene Medina|Gene5000@gmail.com|0421224972
19 woolgunyah parkway|Blackbutt|NSW|New South Wales|2529|Steven Shelton|Steven9388@gmail.com|0421224972
19 woolgunyah parkway|Shellharbour City Centre|NSW|New South Wales|2529|Dana Morales|Dana3746@gmail.com|0421224972
7 duke st Forestville|Forestville|NSW|New South Wales|2087|Pedro Rice|Pedro1798@outlook.com|94514173
7 duke st Forestville|Killarney Heights|NSW|New South Wales|2087|Reginald Pearson|Reginald2589@outlook.com|94514173
71 mark rd West Little mountain|Pelican Waters|QLD|Queensland|4551|Clinton Lee|Clinton9691@hotmail.com|0432751789
71 mark rd West Little mountain|Golden Beach|QLD|Queensland|4551|Vera Jones|Vera6781@hotmail.com|0432751789
71 mark rd West Little mountain|Caloundra West|QLD|Queensland|4551|Louise Myers|Louise3856@hotmail.com|0432751789
71 mark rd West Little mountain|Meridan Plains|QLD|Queensland|4551|Marlene Wood|Marlene3666@hotmail.com|0432751789
71 mark rd West Little mountain|Kings Beach|QLD|Queensland|4551|Leslie Watkins|Leslie9684@hotmail.com|0432751789
71 mark rd West Little mountain|Aroona|QLD|Queensland|4551|Marcus Mills|Marcus6103@hotmail.com|0432751789
71 mark rd West Little mountain|Moffat Beach|QLD|Queensland|4551|Brandy Stone|Brandy6112@hotmail.com|0432751789
71 mark rd West Little mountain|Currimundi|QLD|Queensland|4551|Leonard Brooks|Leonard2436@hotmail.com|0432751789
71 mark rd West Little mountain|Little Mountain|QLD|Queensland|4551|Johnny Frazier|Johnny5671@hotmail.com|0432751789
19 seahaven way safety beach|Dromana|VIC|Victoria|3936|Mabel Smith|Mabel5209@gmail.com|0434551820
19 seahaven way safety beach|Safety Beach|VIC|Victoria|3936|Amy Stone|Amy2528@gmail.com|0434551820
19 seahaven way safety beach|Arthurs Seat|VIC|Victoria|3936|Johnny Murray|Johnny5107@gmail.com|0434551820
367 Warburton Highway|Wandin North|VIC|Victoria|3139|Maxine Fisher|Maxine6866@gmail.com|0359644500
367 Warburton Highway|Woori Yallock|VIC|Victoria|3139|Marjorie Fowler|Marjorie4521@gmail.com|0359644500
367 Warburton Highway|Seville|VIC|Victoria|3139|Rhonda Weaver|Rhonda4791@gmail.com|0359644500
367 Warburton Highway|Yellingbo|VIC|Victoria|3139|Dana Torres|Dana7067@gmail.com|0359644500
367 Warburton Highway|Seville East|VIC|Victoria|3139|Luis Austin|Luis7639@gmail.com|0359644500
367 Warburton Highway|Don Valley|VIC|Victoria|3139|Marsha Silva|Marsha9473@gmail.com|0359644500
367 Warburton Highway|Launching Place|VIC|Victoria|3139|Nellie Shaw|Nellie8524@gmail.com|0359644500
367 Warburton Highway|Hoddles Creek|VIC|Victoria|3139|Marie Bell|Marie8012@gmail.com|0359644500
367 Warburton Highway|Wandin East|VIC|Victoria|3139|Kim Garza|Kim4790@gmail.com|0359644500
367 Warburton Highway|Beenak|VIC|Victoria|3139|Zachary Prescott|Zachary2691@gmail.com|0359644500
189 Rocket Street|Kelso|NSW|New South Wales|2795|Isobel Brown|Isobel3089@gmail.com|63324456
189 Rocket Street|Llanarth|NSW|New South Wales|2795|Ramona Bryant|Ramona0313@gmail.com|63324456
189 Rocket Street|Windradyne|NSW|New South Wales|2795|Myrtle Hunt|Myrtle9953@gmail.com|63324456
189 Rocket Street|Eglinton|NSW|New South Wales|2795|Danielle Schmidt|Danielle6617@gmail.com|63324456
189 Rocket Street|Gormans Hill|NSW|New South Wales|2795|Kylie Gibson|Kylie6871@gmail.com|63324456
189 Rocket Street|South Bathurst|NSW|New South Wales|2795|Everett Ortiz|Everett4841@gmail.com|63324456
189 Rocket Street|West Bathurst|NSW|New South Wales|2795|Katie Shelton|Katie1506@gmail.com|63324456
189 Rocket Street|Abercrombie|NSW|New South Wales|2795|Herman Lucas|Herman8482@gmail.com|63324456
189 Rocket Street|Mitchell|NSW|New South Wales|2795|Byron Henry|Byron8580@gmail.com|63324456
189 Rocket Street|Raglan|NSW|New South Wales|2795|Courtney Gilbert|Courtney2950@gmail.com|63324456
189 Rocket Street|Robin Hill|NSW|New South Wales|2795|Minnie Howell|Minnie8716@gmail.com|63324456
189 Rocket Street|White Rock|NSW|New South Wales|2795|Aiden White|Aiden5853@gmail.com|63324456
189 Rocket Street|Mount Panorama|NSW|New South Wales|2795|Jacob Arnold|Jacob2724@gmail.com|63324456
189 Rocket Street|Billywillinga|NSW|New South Wales|2795|Douglas Jensen|Douglas7042@gmail.com|63324456
189 Rocket Street|Mount Rankin|NSW|New South Wales|2795|Alvin James|Alvin4200@gmail.com|63324456
189 Rocket Street|Duramana|NSW|New South Wales|2795|Theresa Smith|Theresa7740@gmail.com|63324456
189 Rocket Street|The Lagoon|NSW|New South Wales|2795|Jean Payne|Jean2748@gmail.com|63324456
189 Rocket Street|Newbridge|NSW|New South Wales|2795|Alexa Banks|Alexa7397@gmail.com|63324456
189 Rocket Street|Perthville|NSW|New South Wales|2795|Leroy Thompson|Leroy1427@gmail.com|63324456
189 Rocket Street|Burraga|NSW|New South Wales|2795|Andre Richardson|Andre6113@gmail.com|63324456
189 Rocket Street|O'Connell|NSW|New South Wales|2795|Carole Palmer|Carole7126@gmail.com|63324456
189 Rocket Street|Napoleon Reef|NSW|New South Wales|2795|Arianna Russell|Arianna2370@gmail.com|63324456
189 Rocket Street|Gilmandyke|NSW|New South Wales|2795|Joseph Price|Joseph3890@gmail.com|63324456
189 Rocket Street|Caloola|NSW|New South Wales|2795|Kent Rice|Kent3480@gmail.com|63324456
189 Rocket Street|Bruinbun|NSW|New South Wales|2795|Frank Frazier|Frank1361@gmail.com|63324456
189 Rocket Street|Fosters Valley|NSW|New South Wales|2795|Brian Dixon|Brian0245@gmail.com|63324456
189 Rocket Street|Laffing Waters|NSW|New South Wales|2795|Connie Adams|Connie0418@gmail.com|63324456
189 Rocket Street|Evans Plains|NSW|New South Wales|2795|Sally Chapman|Sally4268@gmail.com|63324456
189 Rocket Street|Watton|NSW|New South Wales|2795|Norma Morrison|Norma9221@gmail.com|63324456
189 Rocket Street|Walang|NSW|New South Wales|2795|Bonnie Cook|Bonnie2080@gmail.com|63324456
189 Rocket Street|Clear Creek|NSW|New South Wales|2795|Cindy Morrison|Cindy4285@gmail.com|63324456
189 Rocket Street|Limekilns|NSW|New South Wales|2795|Melanie Bishop|Melanie4833@gmail.com|63324456
189 Rocket Street|Forest Grove|NSW|New South Wales|2795|Kristen Mendoza|Kristen2191@gmail.com|63324456
189 Rocket Street|Jeremy|NSW|New South Wales|2795|Soham Myers|Soham6853@gmail.com|63324456
189 Rocket Street|Killongbutta|NSW|New South Wales|2795|Joanne Hicks|Joanne1584@gmail.com|63324456
189 Rocket Street|Meadow Flat|NSW|New South Wales|2795|Caleb Neal|Caleb1265@gmail.com|63324456
189 Rocket Street|Triangle Flat|NSW|New South Wales|2795|Yvonne Campbell|Yvonne4414@gmail.com|63324456
189 Rocket Street|Crudine|NSW|New South Wales|2795|Cameron Carpenter|Cameron0352@gmail.com|63324456
189 Rocket Street|Trunkey Creek|NSW|New South Wales|2795|Diana Gonzalez|Diana5956@gmail.com|63324456
189 Rocket Street|Wattle Flat|NSW|New South Wales|2795|Shannon Owens|Shannon5410@gmail.com|63324456
189 Rocket Street|Turondale|NSW|New South Wales|2795|Clifton West|Clifton0116@gmail.com|63324456
189 Rocket Street|Brewongle|NSW|New South Wales|2795|Kristin Harvey|Kristin9742@gmail.com|63324456
189 Rocket Street|Isabella|NSW|New South Wales|2795|Willard Foster|Willard4142@gmail.com|63324456
189 Rocket Street|Arkell|NSW|New South Wales|2795|Samantha Miles|Samantha6071@gmail.com|63324456
189 Rocket Street|Peel|NSW|New South Wales|2795|Kitty Jordan|Kitty6961@gmail.com|63324456
189 Rocket Street|Glanmire|NSW|New South Wales|2795|Lisa Baker|Lisa4542@gmail.com|63324456
189 Rocket Street|Bathurst|NSW|New South Wales|2795|Jon Hicks|Jon6002@gmail.com|63324456
189 Rocket Street|Georges Plains|NSW|New South Wales|2795|Dolores Carroll|Dolores7720@gmail.com|63324456
189 Rocket Street|Yetholme|NSW|New South Wales|2795|Courtney Cole|Courtney4984@gmail.com|63324456
189 Rocket Street|Mount David|NSW|New South Wales|2795|Cameron Carter|Cameron4814@gmail.com|63324456
189 Rocket Street|Wimbledon|NSW|New South Wales|2795|Bobby Cox|Bobby5500@gmail.com|63324456
189 Rocket Street|Wiagdon|NSW|New South Wales|2795|Claire Peterson|Claire3760@gmail.com|63324456
189 Rocket Street|Tannas Mount|NSW|New South Wales|2795|Amanda Obrien|Amanda3707@gmail.com|63324456
189 Rocket Street|Paling Yards|NSW|New South Wales|2795|Dean Dean|Dean2871@gmail.com|63324456
189 Rocket Street|Gowan|NSW|New South Wales|2795|Albert Perry|Albert6088@gmail.com|63324456
189 Rocket Street|Copperhannia|NSW|New South Wales|2795|Hilda Terry|Hilda0439@gmail.com|63324456
189 Rocket Street|Charlton|NSW|New South Wales|2795|Esther Weaver|Esther7465@gmail.com|63324456
189 Rocket Street|Wambool|NSW|New South Wales|2795|Dawn Lawrence|Dawn9811@gmail.com|63324456
189 Rocket Street|Bathampton|NSW|New South Wales|2795|Zachary Simmmons|Zachary9125@gmail.com|63324456
189 Rocket Street|Cow Flat|NSW|New South Wales|2795|Julio Nelson|Julio4944@gmail.com|63324456
189 Rocket Street|Abercrombie River|NSW|New South Wales|2795|Isobel Martin|Isobel3678@gmail.com|63324456
189 Rocket Street|Rockley Mount|NSW|New South Wales|2795|Heidi Graham|Heidi9563@gmail.com|63324456
189 Rocket Street|Ballyroe|NSW|New South Wales|2795|Pauline Hopkins|Pauline4223@gmail.com|63324456
189 Rocket Street|Freemantle|NSW|New South Wales|2795|Luke Ellis|Luke9189@gmail.com|63324456
189 Rocket Street|Kirkconnell|NSW|New South Wales|2795|Annie Craig|Annie8826@gmail.com|63324456
189 Rocket Street|Twenty Forests|NSW|New South Wales|2795|Francis Hall|Francis0582@gmail.com|63324456
189 Rocket Street|Arkstone|NSW|New South Wales|2795|Erik Carroll|Erik4086@gmail.com|63324456
189 Rocket Street|Moorilda|NSW|New South Wales|2795|Ethel Rodriquez|Ethel7158@gmail.com|63324456
189 Rocket Street|Dog Rocks|NSW|New South Wales|2795|Jim Barnett|Jim4723@gmail.com|63324456
189 Rocket Street|The Rocks|NSW|New South Wales|2795|Roberta Berry|Roberta6146@gmail.com|63324456
189 Rocket Street|Orton Park|NSW|New South Wales|2795|Shelly Martin|Shelly4785@gmail.com|63324456
58/1230 Creek Road|Carina|QLD|Queensland|4152|Tamara Oliver|Tamara5397@hotmail.com|0431745913
189 Rocket Street|Sofala|NSW|New South Wales|2795|Katrina James|Katrina8727@gmail.com|63324456
58/1230 Creek Road|Carindale|QLD|Queensland|4152|Frances Pearson|Frances0691@hotmail.com|0431745913
189 Rocket Street|Dark Corner|NSW|New South Wales|2795|Erin Reynolds|Erin3101@gmail.com|63324456
58/1230 Creek Road|Camp Hill|QLD|Queensland|4152|Bradley Olson|Bradley1387@hotmail.com|0431745913
189 Rocket Street|Hobbys Yards|NSW|New South Wales|2795|Savannah Hoffman|Savannah3386@gmail.com|63324456
58/1230 Creek Road|Carina Heights|QLD|Queensland|4152|Harper Walters|Harper4739@hotmail.com|0431745913
189 Rocket Street|Locksley|NSW|New South Wales|2795|Caleb Green|Caleb7383@gmail.com|63324456
189 Rocket Street|Dunkeld|NSW|New South Wales|2795|Aiden Lawson|Aiden7362@gmail.com|63324456
189 Rocket Street|Colo|NSW|New South Wales|2795|Layla Simpson|Layla3848@gmail.com|63324456
189 Rocket Street|Judds Creek|NSW|New South Wales|2795|Allan Morrison|Allan3219@gmail.com|63324456
189 Rocket Street|Millah Murrah|NSW|New South Wales|2795|Darryl Gordon|Darryl7121@gmail.com|63324456
189 Rocket Street|Yarras|NSW|New South Wales|2795|Chris Beck|Chris4302@gmail.com|63324456
189 Rocket Street|Gemalla|NSW|New South Wales|2795|Clara Watson|Clara9958@gmail.com|63324456
189 Rocket Street|Upper Turon|NSW|New South Wales|2795|Zack Bennett|Zack6744@gmail.com|63324456
189 Rocket Street|Milkers Flat|NSW|New South Wales|2795|Layla Fleming|Layla7324@gmail.com|63324456
189 Rocket Street|Winburndale|NSW|New South Wales|2795|Herbert Wagner|Herbert7423@gmail.com|63324456
189 Rocket Street|Bald Ridge|NSW|New South Wales|2795|Abigail Castro|Abigail5495@gmail.com|63324456
189 Rocket Street|Fitzgeralds Valley|NSW|New South Wales|2795|Ben Cole|Ben7386@gmail.com|63324456
189 Rocket Street|Stewarts Mount|NSW|New South Wales|2795|Mattie Graves|Mattie4234@gmail.com|63324456
189 Rocket Street|Sunny Corner|NSW|New South Wales|2795|Christine Hopkins|Christine8623@gmail.com|63324456
189 Rocket Street|Curragh|NSW|New South Wales|2795|Howard Nguyen|Howard9460@gmail.com|63324456
189 Rocket Street|Charles Sturt University|NSW|New South Wales|2795|Melvin Jordan|Melvin4505@gmail.com|63324456
189 Rocket Street|Wisemans Creek|NSW|New South Wales|2795|Terri Hicks|Terri2939@gmail.com|63324456
189 Rocket Street|Bathurst West|NSW|New South Wales|2795|George Schmidt|George9376@gmail.com|63324456
189 Rocket Street|Rockley|NSW|New South Wales|2795|Terra Porter|Terra3179@gmail.com|63324456
3/8-12 Ascot Street|Kensington|NSW|New South Wales|2033|Randy Foster|Randy7712@hotmail.com|0403844311
234 Caroline Springs Blvd|Deer Park|VIC|Victoria|3023|Brennan Reynolds|Brennan9068@gmail.com| 61383613888
234 Caroline Springs Blvd|Deer Park|VIC|Victoria|3023|Jimmie Ray|Jimmie5355@yahoo.com| 61383613888
20 Poinsettia St|Holloways Beach|QLD|Queensland|4878|Ruben Gordon|Ruben2805@gmail.com| 61409019756
234 Caroline Springs Blvd|Cairnlea|VIC|Victoria|3023|Terrence Willis|Terrence1753@gmail.com| 61383613888
234 Caroline Springs Blvd|Cairnlea|VIC|Victoria|3023|Armando Chambers|Armando7263@yahoo.com| 61383613888
234 Caroline Springs Blvd|Caroline Springs|VIC|Victoria|3023|Julian Mendoza|Julian4072@gmail.com| 61383613888
20 Poinsettia St|Caravonica|QLD|Queensland|4878|Raul Hughes|Raul3631@gmail.com| 61409019756
234 Caroline Springs Blvd|Caroline Springs|VIC|Victoria|3023|Riley May|Riley2846@yahoo.com| 61383613888
234 Caroline Springs Blvd|Burnside Heights|VIC|Victoria|3023|Jane Parker|Jane3448@gmail.com| 61383613888
20 Poinsettia St|Smithfield|QLD|Queensland|4878|June Cole|June9583@gmail.com| 61409019756
234 Caroline Springs Blvd|Burnside Heights|VIC|Victoria|3023|Brett Murphy|Brett9537@yahoo.com| 61383613888
234 Caroline Springs Blvd|Ravenhall|VIC|Victoria|3023|Bonnie Watkins|Bonnie7956@gmail.com| 61383613888
76 Miller Street|Carnegie|VIC|Victoria|3163| |6925@outlook.com| 61418528160
234 Caroline Springs Blvd|Burnside|VIC|Victoria|3023| |1736@gmail.com| 61383613888
43 Campbell Street|South Kalgoorlie|WA|Western Australia|6430|Tracy Spencer|Tracy9696@hotmail.com| 61418435056
43 Campbell Street|Somerville|WA|Western Australia|6430| |5898@hotmail.com| 61418435056
234 Caroline Springs Blvd|Ravenhall|VIC|Victoria|3023|Bradley Newman|Bradley7255@yahoo.com| 61383613888
76 Miller Street|Glen Huntly|VIC|Victoria|3163|Warren Ramirez|Warren6672@outlook.com| 61418528160
43 Campbell Street|Hannans|WA|Western Australia|6430|Derrick Garza|Derrick0700@hotmail.com| 61418435056
234 Caroline Springs Blvd|Burnside|VIC|Victoria|3023|Ray Hunt|Ray7218@yahoo.com| 61383613888
43 Campbell Street|Lamington|WA|Western Australia|6430|Floyd Lopez|Floyd0826@hotmail.com| 61418435056
43 Campbell Street|Piccadilly|WA|Western Australia|6430|Lucille Moore|Lucille4244@hotmail.com| 61418435056
Unit 14 / 120|Springwood|QLD|Queensland|4127|Violet Porter|Violet0062@gmail.com| 61430140809
Unit 14 / 120|Slacks Creek|QLD|Queensland|4127|Ramon Lane|Ramon7537@gmail.com| 61430140809
Unit 14 / 120|Daisy Hill|QLD|Queensland|4127|Alyssa Watson|Alyssa5460@gmail.com| 61430140809
3 scott street bungnedore 2621|Bungendore|NSW|New South Wales|2621|Jim Lucas|Jim9609@gmail.com| 61448315578
3 scott street bungnedore 2621|Hoskinstown|NSW|New South Wales|2621|Marlene Jones|Marlene0884@gmail.com| 61448315578
152 Elizabeth st|Haymarket|NSW|New South Wales|2000|Noah Fisher|Noah0940@yahoo.com|02 9264 3022
152 Elizabeth st|Millers Point|NSW|New South Wales|2000|Rene Bell|Rene7947@yahoo.com|02 9264 3022
152 Elizabeth st|The Rocks|NSW|New South Wales|2000|Wanda Powell|Wanda4774@yahoo.com|02 9264 3022
152 Elizabeth st|Barangaroo|NSW|New South Wales|2000|Jorge Jones|Jorge6886@yahoo.com|02 9264 3022
Shop 28 Marketplace|Raymond Terrace|NSW|New South Wales|2324|Jeremy Taylor|Jeremy9233@hotmail.com|0249876484
Shop 28 Marketplace|Heatherbrae|NSW|New South Wales|2324|Stacey Crawford|Stacey7493@hotmail.com|0249876484
Shop 28 Marketplace|Pindimar|NSW|New South Wales|2324|Rachel Ryan|Rachel8269@hotmail.com|0249876484
Shop 28 Marketplace|Karuah|NSW|New South Wales|2324|Letitia Carter|Letitia0910@hotmail.com|0249876484
Shop 28 Marketplace|Hawks Nest|NSW|New South Wales|2324|Eleanor Carroll|Eleanor6346@hotmail.com|0249876484
P O Box 1806|Fyshwick|ACT|Australian Capital Territory|2609|Vera Wood|Vera6580@outlook.com|0262953416
P O Box 1806|Majura|ACT|Australian Capital Territory|2609|Marsha Stone|Marsha1061@outlook.com|0262953416
P O Box 1806|Symonston|ACT|Australian Capital Territory|2609|Jesus Thompson|Jesus8822@outlook.com|0262953416
P O Box 1806|Canberra Airport|ACT|Australian Capital Territory|2609|Peggy Bates|Peggy9407@outlook.com|0262953416
P O Box 1806|Pialligo|ACT|Australian Capital Territory|2609|Evelyn Henderson|Evelyn1391@outlook.com|0262953416
57-59 Elizabeth Street|Riverside|TAS|Tasmania|7250|Alfred Frazier|Alfred7103@yahoo.com|03
57-59 Elizabeth Street|Summerhill|TAS|Tasmania|7250|Delores Watson|Delores6236@yahoo.com|03
57-59 Elizabeth Street|Ravenswood|TAS|Tasmania|7250|Clarence Fowler|Clarence0243@yahoo.com|03
57-59 Elizabeth Street|Newstead|TAS|Tasmania|7250|Jayden Roberts|Jayden1064@yahoo.com|03
57-59 Elizabeth Street|West Launceston|TAS|Tasmania|7250|Eric Peters|Eric1114@yahoo.com|03
57-59 Elizabeth Street|Trevallyn|TAS|Tasmania|7250|Eduardo Butler|Eduardo5609@yahoo.com|03
57-59 Elizabeth Street|Waverley|TAS|Tasmania|7250|Chloe Elliott|Chloe3236@yahoo.com|03
57-59 Elizabeth Street|Norwood|TAS|Tasmania|7250|Cecil Grant|Cecil0925@yahoo.com|03
57-59 Elizabeth Street|Prospect|TAS|Tasmania|7250|Alvin Clark|Alvin8424@yahoo.com|03
57-59 Elizabeth Street|East Launceston|TAS|Tasmania|7250|Guy Reid|Guy0274@yahoo.com|03
5 french street|Wynnum|QLD|Queensland|4178|Cecil Webb|Cecil1994@gmail.com|0402 980 512
5 french street|Wynnum West|QLD|Queensland|4178|Dwayne Watts|Dwayne7970@gmail.com|0402 980 512
8/100 CHAMPION ROAD|Newport|VIC|Victoria|3015|Marlene Garza|Marlene6648@gmail.com|0391919896
5 french street|Port Of Brisbane|QLD|Queensland|4178|Lillian Olson|Lillian7937@gmail.com|0402 980 512
8/100 CHAMPION ROAD|South Kingsville|VIC|Victoria|3015|Isobel Garza|Isobel1849@gmail.com|0391919896
8/100 CHAMPION ROAD|Spotswood|VIC|Victoria|3015|Derek West|Derek3193@gmail.com|0391919896
197 henty highway|Warracknabeal|VIC|Victoria|3393|Hailey Taylor|Hailey3802@gmail.com|0353981811
Building H, Level 8|Malvern East|VIC|Victoria|3145|Terrence Evans|Terrence2183@outlook.com|0399034405
39 Grantham drive|Belmont|VIC|Victoria|3216|Jimmie Stephens|Jimmie2956@outlook.com|0401557484
39 Grantham drive|Highton|VIC|Victoria|3216|Steven Lawson|Steven5422@outlook.com|0401557484
39 Grantham drive|Grovedale|VIC|Victoria|3216|Lisa Riley|Lisa3217@outlook.com|0401557484
39 Grantham drive|Waurn Ponds|VIC|Victoria|3216|Leslie Carr|Leslie8887@outlook.com|0401557484
1/55 Lucerne Street|Belmore|NSW|New South Wales|2192|Johnni Kelley|Johnni0775@yahoo.com|0401328211
39 Grantham drive|Marshall|VIC|Victoria|3216|Joyce Welch|Joyce5375@outlook.com|0401557484
39 Grantham drive|Wandana Heights|VIC|Victoria|3216|Sophia Carter|Sophia5110@outlook.com|0401557484
3/12 Karrakatta Street, Black Rock,|Beaumaris|VIC|Victoria|3193|Anita Kim|Anita5890@yahoo.com|0406312355
1 Rowood Rd|Blacktown|NSW|New South Wales|2148|Eugene Simmmons|Eugene2058@outlook.com|0407272775
1 Rowood Rd|Prospect|NSW|New South Wales|2148|Ava Turner|Ava0189@outlook.com|0407272775
1 Rowood Rd|Marayong|NSW|New South Wales|2148|Elmer Cooper|Elmer1733@outlook.com|0407272775
1 Rowood Rd|Kings Park|NSW|New South Wales|2148|Robert Marshall|Robert2365@outlook.com|0407272775
1 Rowood Rd|Arndell Park|NSW|New South Wales|2148|Doris Moreno|Doris9640@outlook.com|0407272775
1 Rowood Rd|Huntingwood|NSW|New South Wales|2148|Theodore Washington|Theodore2011@outlook.com|0407272775
26, Smith street|North Beach|SA|South Australia|5556|Kim Boyd|Kim3056@hotmail.com|0408419977
545 Blaxland Road|Ryde|NSW|New South Wales|2112|Toni Garcia|Toni5452@gmail.com|0410069844
545 Blaxland Road|Putney|NSW|New South Wales|2112|Duane Medina|Duane4334@gmail.com|0410069844
3b, 104 Briggs Street|Welshpool|WA|Western Australia|6106|Connie Horton|Connie4429@hotmail.com|0409020455
24 Fischer st|Kingsford|NSW|New South Wales|2032|Tamara Hoffman|Tamara0865@hotmail.com|0410322575
61 archer drive|Melton West|VIC|Victoria|3337|Terry Wright|Terry4557@hotmail.com|0412 845 197
61 archer drive|Melton|VIC|Victoria|3337|Jimmie Stephens|Jimmie9959@hotmail.com|0412 845 197
29 Monte Carlo Heights|Port Kennedy|WA|Western Australia|6172|Edward Lawrence|Edward9783@hotmail.com|0412 577 910
61 archer drive|Kurunjang|VIC|Victoria|3337|Mitchell Sanchez|Mitchell0652@hotmail.com|0412 845 197
15 Zinnia Street|Reservoir|VIC|Victoria|3073|Lynn Davis|Lynn2805@hotmail.com|0412102672
24 Blaimore Way|Mernda|VIC|Victoria|3754|Elmer Simmmons|Elmer1323@outlook.com|0413959172
90 Balcombe Rd|Mentone|VIC|Victoria|3194|Sylvia Burke|Sylvia0164@yahoo.com|0414857501
19 Sunset Pl|Earlwood|NSW|New South Wales|2206|Melvin Marshall|Melvin3398@yahoo.com|0414703334
19 Sunset Pl|Clemton Park|NSW|New South Wales|2206|Alicia Watson|Alicia2972@yahoo.com|0414703334
21 Kettleton Close|Bridgeman Downs|QLD|Queensland|4035|Gabriella Rhodes|Gabriella9470@outlook.com|0416221267
21 Kettleton Close|Albany Creek|QLD|Queensland|4035|Nellie Lambert|Nellie4957@outlook.com|0416221267
2B brassey Avenue rosanna|Rosanna|VIC|Victoria|3084|Irma Hopkins|Irma4570@gmail.com|0419388644
Unit 14 / 2 Daydream Street|Warriewood|NSW|New South Wales|2102|Lynn Harper|Lynn9897@hotmail.com|0414977913
2B brassey Avenue rosanna|Viewbank|VIC|Victoria|3084|Paul Wade|Paul2840@gmail.com|0419388644
2B brassey Avenue rosanna|Heidelberg|VIC|Victoria|3084|Jar Flores|Jar1284@gmail.com|0419388644
55 Stephen Avenue,Montrose|Montrose|VIC|Victoria|3765|Teresa Flores|Teresa6120@yahoo.com|0419885707
50 Ranford Loop|Spearwood|WA|Western Australia|6163|Gabriel Wheeler|Gabriel9927@yahoo.com|0420273567
50 Ranford Loop|Kardinya|WA|Western Australia|6163|Marion Hunt|Marion2209@yahoo.com|0420273567
50 Ranford Loop|North Coogee|WA|Western Australia|6163|Lynn Carr|Lynn8380@yahoo.com|0420273567
50 Ranford Loop|O'Connor|WA|Western Australia|6163|Raul Peters|Raul0337@yahoo.com|0420273567
50 Ranford Loop|Hamilton Hill|WA|Western Australia|6163|Meghan Obrien|Meghan8721@yahoo.com|0420273567
50 Ranford Loop|Bibra Lake|WA|Western Australia|6163|Annie Phillips|Annie3835@yahoo.com|0420273567
50 Ranford Loop|Coolbellup|WA|Western Australia|6163|Paul Wade|Paul0337@yahoo.com|0420273567
22, Mariner Crescent|Prairiewood|NSW|New South Wales|2176|Troy Johnson|Troy2590@yahoo.com|0421177363
50 Ranford Loop|Hilton|WA|Western Australia|6163|Peggy Mendoza|Peggy1125@yahoo.com|0420273567
22, Mariner Crescent|Edensor Park|NSW|New South Wales|2176|Julie Fox|Julie8668@yahoo.com|0421177363
22, Mariner Crescent|Wakeley|NSW|New South Wales|2176|Frank Diaz|Frank9738@yahoo.com|0421177363
22, Mariner Crescent|Abbotsbury|NSW|New South Wales|2176|Tristan Jimenez|Tristan5059@yahoo.com|0421177363
22, Mariner Crescent|Greenfield Park|NSW|New South Wales|2176|Allison Nichols|Allison0979@yahoo.com|0421177363
22, Mariner Crescent|Bossley Park|NSW|New South Wales|2176|Nathan Ruiz|Nathan5591@yahoo.com|0421177363
22, Mariner Crescent|St Johns Park|NSW|New South Wales|2176|Olivia Myers|Olivia9874@yahoo.com|0421177363
2/54 Gardeners rd|Bentleigh East|VIC|Victoria|3165|Scott Woods|Scott6722@hotmail.com|0421997103
47 Barnes Cresent|Menai|NSW|New South Wales|2234|Brent Wade|Brent6202@hotmail.com|0424 174 825
47 Barnes Cresent|Barden Ridge|NSW|New South Wales|2234|Terrance Steward|Terrance0790@hotmail.com|0424 174 825
47 Barnes Cresent|Alfords Point|NSW|New South Wales|2234|Joe Wallace|Joe3468@hotmail.com|0424 174 825
Shop 36 Fyshwick markets|Fyshwick|ACT|Australian Capital Territory|2609|Emily Frazier|Emily4113@hotmail.com|0425318011
Shop 36 Fyshwick markets|Majura|ACT|Australian Capital Territory|2609|Alan Perkins|Alan9950@hotmail.com|0425318011
Shop 36 Fyshwick markets|Symonston|ACT|Australian Capital Territory|2609|Herbert Brown|Herbert0442@hotmail.com|0425318011
Shop 36 Fyshwick markets|Canberra Airport|ACT|Australian Capital Territory|2609|Justin Price|Justin7850@hotmail.com|0425318011
Shop 36 Fyshwick markets|Pialligo|ACT|Australian Capital Territory|2609|Toni Duncan|Toni8280@hotmail.com|0425318011
3 Placid Drive|Gatton|QLD|Queensland|4343|Alvin Ruiz|Alvin3354@gmail.com|0431104154
11/51 Stirling Street|Seddon|VIC|Victoria|3011|Toni Castro|Toni1014@outlook.com|0427930392
11/51 Stirling Street|Footscray|VIC|Victoria|3011|Elmer Baker|Elmer9764@outlook.com|0427930392
7 pharaoh drive, cranbourne|Cranbourne North|VIC|Victoria|3977|Bella Snyder|Bella3242@hotmail.com|0431339935
7 pharaoh drive, cranbourne|Sandhurst|VIC|Victoria|3977|Phyllis Larson|Phyllis3840@hotmail.com|0431339935
7 pharaoh drive, cranbourne|Cranbourne East|VIC|Victoria|3977|Jason Silva|Jason0825@hotmail.com|0431339935
7 pharaoh drive, cranbourne|Skye|VIC|Victoria|3977|Jose Ferguson|Jose1951@hotmail.com|0431339935
7 pharaoh drive, cranbourne|Cranbourne|VIC|Victoria|3977|Robin Coleman|Robin5036@hotmail.com|0431339935
7 pharaoh drive, cranbourne|Botanic Ridge|VIC|Victoria|3977|Carrie Gilbert|Carrie0257@hotmail.com|0431339935
7 pharaoh drive, cranbourne|Cannons Creek|VIC|Victoria|3977|Timmothy Ramos|Timmothy6642@hotmail.com|0431339935
7 pharaoh drive, cranbourne|Devon Meadows|VIC|Victoria|3977|Marion Jacobs|Marion5055@hotmail.com|0431339935
7 pharaoh drive, cranbourne|Junction Village|VIC|Victoria|3977|Dan Wagner|Dan3594@hotmail.com|0431339935
2/7 Annandale Street|Edgecliff|NSW|New South Wales|2027|Sherri Collins|Sherri3906@hotmail.com|0435220993
2/7 Annandale Street|Darling Point|NSW|New South Wales|2027|Edith Dunn|Edith4875@hotmail.com|0435220993
2/7 Annandale Street|Point Piper|NSW|New South Wales|2027|Lance Barnes|Lance4416@hotmail.com|0435220993
12 /49 Bunnerong Rd|Kingsford|NSW|New South Wales|2032|Stella Berry|Stella9808@gmail.com|0433631589
123 Rokewood Crescent|Meadow Heights|VIC|Victoria|3048|Liam Fox|Liam9923@yahoo.com|0437421971
123 Rokewood Crescent|Coolaroo|VIC|Victoria|3048|Mattie Morgan|Mattie9421@yahoo.com|0437421971
91 lunga street|Carina|QLD|Queensland|4152|Fred Mitchell|Fred7913@outlook.com|0455124886
91 lunga street|Carindale|QLD|Queensland|4152|Bonnie Tucker|Bonnie9099@outlook.com|0455124886
91 lunga street|Camp Hill|QLD|Queensland|4152|Marvin Hawkins|Marvin7829@outlook.com|0455124886
4 Bruce st|Ryde|NSW|New South Wales|2112|Frederick Medina|Frederick6653@outlook.com|0447259570
4 Bruce st|Putney|NSW|New South Wales|2112|Norman Hudson|Norman3000@outlook.com|0447259570
91 lunga street|Carina Heights|QLD|Queensland|4152|Emma Lee|Emma1988@outlook.com|0455124886
2/13 O'Dowd Street|Reservoir|VIC|Victoria|3073|Sean Barnett|Sean4439@outlook.com|0468674286
2-B, BLACKWOOD DRIVE|Pakenham|VIC|Victoria|3810|Herminia Banks|Herminia9578@gmail.com|0470635159
P.O Box 1456|Gnarabup|WA|Western Australia|6285|Daryl Stewart|Daryl2989@yahoo.com|0476938644
P.O Box 1456|Margaret River|WA|Western Australia|6285|Ethel Sims|Ethel4298@yahoo.com|0476938644
1 William street|Bicheno|TAS|Tasmania|7215|Ramona Fox|Ramona3306@gmail.com|0474196142
1 William street|Scamander|TAS|Tasmania|7215|Willard Mitchelle|Willard2856@gmail.com|0474196142
27 Yandina Rd|Hoppers Crossing|VIC|Victoria|3029|Paul Wade|Paul0429@hotmail.com|0474960381
1 William street|St Marys|TAS|Tasmania|7215|Gilbert Hunter|Gilbert1029@gmail.com|0474196142
1 William street|Beaumaris|TAS|Tasmania|7215|Charles Reed|Charles4412@gmail.com|0474196142
3 Rothsay Avenue|Burwood|VIC|Victoria|3125|Guy Nelson|Guy1851@gmail.com|0478800612
27 Yandina Rd|Tarneit|VIC|Victoria|3029|Marvin Anderson|Marvin6175@hotmail.com|0474960381
1 William street|Coles Bay|TAS|Tasmania|7215|Ritthy Green|Ritthy4374@gmail.com|0474196142
84|Ferntree Gully|VIC|Victoria|3156|Lance Barrett|Lance5328@outlook.com|0477838774
84|Lysterfield|VIC|Victoria|3156|Vicki Hanson|Vicki3077@outlook.com|0477838774
84|Lysterfield South|VIC|Victoria|3156|Mathew Alvarez|Mathew1527@outlook.com|0477838774
84|Upper Ferntree Gully|VIC|Victoria|3156|Daisy Gibson|Daisy8687@outlook.com|0477838774
5/32 Annie St.|Coopers Plains|QLD|Queensland|4108|Marvin Anderson|Marvin6866@hotmail.com|07 32767381
5/32 Annie St.|Archerfield|QLD|Queensland|4108|Dylan Mendoza|Dylan1303@hotmail.com|07 32767381
125 Goodwood Rd|Goodwood|SA|South Australia|5034|Lydia Hoffman|Lydia9802@hotmail.com|0882717481
125 Goodwood Rd|Wayville|SA|South Australia|5034|Gertrude Cole|Gertrude3606@hotmail.com|0882717481
7 Warrangi Street|Turramurra|NSW|New South Wales|2074|Armando Fisher|Armando4105@yahoo.com|402891257
7 Warrangi Street|Warrawee|NSW|New South Wales|2074|Monica Bishop|Monica2768@yahoo.com|402891257
7 Warrangi Street|North Turramurra|NSW|New South Wales|2074|Ruby Obrien|Ruby6325@yahoo.com|402891257
